comment,sentiment
".质量非常好,与卖家描述的完全一致,非常满意,真的很喜欢,完全超出期望值,发货速度非常快,包装非常仔细、严实,物流公司服务态度很好,运送速度很快,很满意的一次购物",1
"[来自天猫] 终于收到我需要的宝贝了，东西很好，价美物廉，谢谢掌柜的！说实在，这是我淘宝购物来让我最满意的一次购物。质量非常好，与卖家描述的完全一致，非常满意,真的很喜欢，完全超出期望值，发货速度非常快，包装非常仔细、严实，物流公司服务态度很好，运送速度很快，很满意的一次购物！  ",1
《人生如梨》 一个人买了一箱梨，怕梨放坏了，就每天挑几个烂的吃掉，最后却吃了一箱烂梨。由此得出一幅对联， 上联：放着好的吃烂的；下联：吃了烂的烂好的，横批：永远吃烂的。感悟：人生亦如吃梨，每天弄点糟心事，一辈子都得糟心下去；把糟心的事放下扔掉，每天阳光一点，你就灿烂一辈子！ 珍惜当下，积极快乐！没有人天生就懂得控制情绪。真正有智慧的人，是时刻留意不要让自己栽在坏情绪中！,1
10多年老店了，10年前在这里买的第一台MacBook。去实体店自提的，国行原封。不过真的是没什么优惠，贴个膜也不给便宜。自提店客人有点多，空调不给力啊。,1
10年前就在你们那买了第一台Mac，十年后依然，因为一直记得你们的服务，好好保持。,1
10月份买了一台，今天有代朋友买了一台相同配置的机子，朋友们放心在这里买吧，我是经过苹果上海客服总部检测过的，国行正品无疑。谢谢苹果家园及其客服人员。,1
13升到16g内存，用了几天，非常满意苹~附一张全家福和开箱,1
2018款MBP，全新未开封未激活，国行正品无疑。速度很快，外观也很漂亮。不错的。,1
21.5的屏幕比想象中大很多！色彩很棒！,1
5码合一，正品，支持苹果家园！,1
5星好评。顺丰次日达。全新，官网查了。比官网便宜很多，赞！,1
8月1日买的，自提。刚开始用苹果的东西，不太习惯。店挺好的，配件丰富。能够实体店自提，放心。,1
pro很正，作为这么贵的东西第一次在淘宝买心中还是很忐忑的，不过到手拆开后很放心。蛇皮袋包的严严实实。里面的箱子完全原封，打开后设置出了点小插曲不过没啥问题.刚设置后去官网验证是没有的，过一两天再去有就肯定是正品啦。一些小配件用着很不错。,1
touch bar超级好用，电脑速度很快，客服很热情，送的笔记本内胆包质量也可以，大小刚好塞进去，刚上市的新款，嘎嘎,1
唉，看那个造型就知道了,1
爱不释手，电池循环次数一次，到手未激活，新机子无误，比其他地方便宜许多，必须好评,1
安排,1
按网上的教程验了机 没问题 电池循环一次 开机激活后开始计算保修 正好一年 目前无任何问题 周末有空去店里检测一下 应该没什么问题,1
帮老公买的 比直营店便宜好多 到货后去店家这里自提的   店家态度很好 当场买了apple care,1
棒棒,1
包装给力 机器打开也没发现贴吧说的磕碰啥的  18款低配 以为发热不会像高配那么厉害 可是看爱奇艺还是发热很厉害 浏览网页很好 电量挺耐用,1
包装好，发货快，机器无瑕疵。由于隔了两年没有使用macbook了，摸索了三天。谈一下个人感受，日常看视频聊天什么的还是不怎么发热，机器很安静。通过转接口外接4k显示器过一会就发热，包括显示器。目前还没有用来做比较重负荷的工作，应该不会遇到温度墙。买来主要是用来撸代码的，机器颜值高，便携，很符合心理预期。为了重回macbook，努力一年多终于跳槽去了互联网公司，可以安心使用了。另外还买了苹果的键盘和包、贴膜。贴膜太脏，两张贴完还是不给力，已经撕了买了玻璃膜。键盘还没试，不过打开后摸着挺不错。买的包也很厚实，还送了内胆包。心里很满意。关注这家店有两个月，能买到完美机器，心里很高兴，以后还会常来的。,1
包装很好，mac一切正常,1
包装看着是原封的，没时间拆开来看看里面有没有猫腻，用一段时间下来感觉还不错，虽然处理视频发热量是比较大，希望没问题。,1
包b完好，o特殊瑕疵,1
宝宝不爱玩,1
宝宝不敢玩，哈哈,1
宝宝很喜欢这个，虽然看起来挺薄的，也不精致，但是意外的还挺结实,1
宝宝看着开心的不得了，会爬跟着爬，很不错！,1
宝宝特别喜欢，一直带着,1
宝贝不错。,1
宝贝都可以用,1
宝贝非常好！值得信赖！,1
宝贝非常好，每个都很便宜很实用，物流也很快，跟老板很有缘拿的都是我喜欢的颜色，还会再次购买的,1
宝贝非常满意????是我喜欢的款式????大赞????,1
宝贝还挺好的 有什么问题问店家 店家也耐心给我回复啦 主要就是软件方面的问题。相当于买个电脑还有赠送的咨询服务 很好 去官网查序列号 确实查到了 好用,1
宝贝好喜欢，崽崽一拿回家就玩的不肯放，真是物美价廉,1
宝贝很好，已经用了一段时间了。,1
宝贝很好，又便宜。,1
宝贝很好用，和广告说的一样，店家服务也很多！,1
宝贝很满意，是国行正品，很不错。除了开发的时候发热厉害，其他都还好，希望苹果以后能优化下发热问题,1
宝贝很喜欢画,1
宝贝收到来了，给我姑娘买的她回来就带上来，可喜欢了,1
宝贝收到了，打开我宝贝喜欢的。,1
宝贝收到了，很惊喜，东西很多，很实惠，虽然少了一定东西吧，倒是没什么所谓，商家也很耐心，下次还来购买,1
宝贝收到了，很漂亮很喜欢，发货速度超快物流也快，客服也热情周到详细，必须超好评！,1
宝贝收到了，买了这么多小东西，满满一大箱居然一个都没有漏发，给店家好评哦,1
宝贝收到了，卖家服务态度超级好！每个问题都耐心解答！以后买电脑就找你们家了哈！电脑目前完全没任何问题！非常完美！,1
宝贝收到了，女儿很喜欢哦,1
宝贝收到了，因为需要安装win10的系统，请电家开的箱。开箱和安装软件的整个过程都有视频！很赞！ 机器全新，没有划痕没有磕碰，超级完美！win10出了点小状况，店家技术人员直接远程操作！分分钟搞定！ 总之，很开心的一次购物！ 客服也很有耐心！满意！,1
宝贝收到了，质量非常非常的好，价钱也很合理，客户态度也很好，问题都很详细的解答，款式各各方面都是我喜欢的，值得购买，听说好评80字淘宝值会提升得快，不知道是不是真的，之前不知道浪费了很多好评，,1
宝贝收到了非常赞哦！而且他们家的东西也挺全的，宝宝玩的小玩意也挺好。,1
宝贝收到了很好,1
宝贝收到了质量很好，和预期的差不多，感觉是非常不错的，卖家太度也很好，热情周到，回答问题迅速耐心，之前看了许多评论最后决定购买的果然不错，产品包装完好没有破损，速度也很快，终于买到了自己心仪的宝贝，喜欢的亲们不要犹豫了可以尝试购买，不会有所失望的！！！大家赶快行动吧！,1
宝贝完美，正品无疑，人与人之间的信任海在，使用的几小时 体验很好，下次有需要直接再来。,1
宝贝性价比很高，各式各样的孩子都拿来玩，当宝贝了,1
宝贝已收到，跟店家说的一样，是正品。服务态度好！快递也很给力！很满意的一次购物???,1
宝贝已收到，很好用,1
宝贝真的很好，是我家宝贝一直弄，最后弄坏了，让我弄好，我也不会呀，只能再给多买几个了哈哈,1
宝喜欢，颜料盒也很好，水状的，图案简单大气。,1
被我捏坏了，哈哈,1
本本收到了，外观没有任何毛病，系统也很流畅。电池循环一次，原封纸箱，官网查询未激活。,1
本人也是怀着非常忐忑的心情买的，以下评价希望能给和我一样忐忑的人一个参考。 1.快递：没有多快，大概两天多到我这的，但是负责态度点个赞，小哥一直抱着电脑送到我舍友手中的。 2.从哪家买？实话说，某某员工小店，树x，苹果地带，我都看过，和这家明显经营模式一样，因为这家相对便宜一点，我就买了这家，买的时候银色是触底价。 3电脑没问题，全新国行，提醒大家牛皮纸盒子外包装就有序列号奥，还有，割那个黄色胶布不要用力，不然容易割坏牛皮纸盒子。 4卖家提到他们上游是什么恒沙科技啥的，我还真在苹果官网看见了这些经销商，因此机子真假确实不用怀疑。 5保修问题，直营店，确实大多是凭序列号保修，不凭发票，如果非要发票可以事后找卖家开就行了。暂时想到这些，有什么追评我再说吧，纯手打，就是想让同样喜欢macbookpro的人不要在像我当时一样天天纠结。,1
比官方渠道便宜大概两千多，用着还不错，是国行的，打算再攒钱买个iPad。 周一下单之前告诉我周三到，下单之后告诉我周三到店家那里...周六才邮到我这，但是也不能怪物流。 对了提醒一下大家这个电脑有一些设计缺陷，比如其实扬声器并不对称，比如由于电源没有接地所以充电时候机身会有一点点漏电之类。 犹豫要不要买applecare，先用一年再说吧。,1
比较便宜就不计较什么了  想玩的就不要买  很难拧  上面颜色是贴纸沾的,1
比较完美，正品，而且出厂日期很新，价格优势很大，用了很久才确认和评价，给卖家点赞,1
比想象的小,1
笔记本好用，喜欢，值得购买,1
笔记本很不错，激活时遇到问题，自己解决不了，店家很耐心的告诉，现在笔记本一切良好，正品,1
笔记本很好，苹果的就是高大上。,1
笔记本绝对行货，我看见牛皮纸外包装时就觉得不会错，激活时更证明了我的判断。服务也很好，需要的软件也帮我都安装了。帮我安装的小曹做事细心认真耐性，大赞！看来以后买苹果产品家园是唯一的选择。,1
笔记本收到了，原封纸箱，官网查询是正品未激活，物流发货快，三天就到了，现在还不熟悉mac系统，正在研究中。客服也很给力，提供了很多软件下载，现在觉得Mac系统也挺好用的，很愉快的一次购物。,1
必须全五星好评，原装未开封的机器，态度好，发货快，回答问题响应快。 ,1
毕竟几毛钱的东西，有点小，宝宝都不稀罕,1
便宜 划算 还回来买,1
便宜，飞的很稳,1
便宜，女儿很喜欢玩，,1
便宜，随便玩玩还可以，不过玩一会就不沾了,1
便宜，质量很好,1
便宜3000 全新未拆封,1
便宜好玩的东西,1
便宜划算，质量还行吧。,1
便宜没好货,1
便宜实惠电池才用了一次循环，而且服务态度也很好，希望手机也能便宜点,1
便宜又实惠，还是不错的。,1
便宜又实惠，很好用的，满意,1
便宜又有趣，全五分好评哦！,1
不错,1
不错 我很满意，机器的确未开封,1
不错 值得信赖,1
不错！！！,1
不错，东西是正品，比外面便宜,1
不错，都挺好的。,1
不错，还行，买了一堆杂七杂八的东西就不一一评价了。,1
不错，好玩！,1
不错，好用，满意！满分！,1
不错，很好。小东西惹人爱。和描述的一样！,1
不错，很满意，从包装到打开以后的使用，一看就靠谱。,1
不错，货真价实,1
不错，是原封的，店家还送了些东西，好评！,1
不错，是正品。,1
不错，跳的好快。。。。 老板发货很快,1
不错，挺好的！,1
不错，完美无瑕疵，以后有机会再来,1
不错，我也喜欢玩,1
不错，物流很快，包装完好，价格便宜！东西很好玩，质量一般，不过孩子喜新厌旧，就是图个新鲜，物流态度好，下次需要再来！！！！,1
不错，应该正品无误??,1
不错，原装正品，用起来不错，还会继续更近评测。,1
不错，暂时一个月了没有问题,1
不错，正品,1
不错??&hellip;,1
不错啊 刚开始还挺怕的  笔记本回来序列码是没有激活过的 然后用了几天才来评价 是正品 比网上还便宜 开心,1
不错不错,1
不错不错 电脑虽小屏幕利用率高 看论文很舒服 再也不用到处找插座啦哈哈哈哈哈哈哈哈 用一天没问题,1
不错不错，原装未拆封，18款兼容性有待提升！,1
不错不错啊。小玩意很有意思哦。全五分好评！,1
不错的,1
不错的 给好评,1
不错的宝贝,1
不错的东西，物美价廉，很实用的,1
不错的老玩具 我小时候都玩过 大宝二宝都抢着玩 这是第二次购买了,1
不错好玩,1
不错好玩，宝宝很喜欢,1
不错貌似是全网最低价买的应该是原封的，不错性价比高就是王道,1
不错哦,1
不错是正品 很帅啊 服务态度一般般,1
不错物有所值，挺值得的一次购物体验！！！！！！,1
不放心快递还是到店取货的，由于第一次使用苹果系统，请教店里的小哥哥很多新手问题，都一一耐心帮我解答了，而且一些基础常用的操作，小哥哥也亲自演示操作，同时也帮我装了很多常用软件，此外，店家还送了键盘膜，内胆包，鼠标垫啥的。在店里也买了个电脑包和转接头。电脑价格比官网便宜不少，一看到实物正品无疑，非常愉快的一次购物，说了那么多，真的不是一个托儿，哈哈哈，大家放心购买吧。,1
不好意思哈 太忙了 忘了确认评价了 Vega20真不是盖的 做了开箱视频。。。,1
不很响，不知道是不是我不会用。,1
不建议买吧！很薄，很轻，很不好转动。优点是便宜，宝宝玩还是质量好点才行，她会摔,1
不亮的时候不好看！,1
不太好玩，，，,1
不太好转动,1
不太想晒图了就，没意义。对产品和店家双好评吧。首先这快递我拆了老半天，挺严实啊！然后就是查过了确属国行正品。别的估计没啥好解释的了，就是Pro自己的事情了。 最后夸一下客服，话不多，不墨迹，适合我这样的买家。,1
才几天就降了一二百&hellip;&hellip;不过东西不错的。客服回答的很速度&hellip;&hellip;车很稳老铁们&hellip;&hellip;上车吧&hellip;&hellip;,1
查看电池循环两次，感觉不错，给个五星，有问题在追加。,1
查了  是正品,1
超棒～弟弟看了说机子没有问题～关键比店里便宜很多啊！赞！,1
超薄...原封未激活，自己激活的，查了都是最新，很好！安装了一天软件....,1
超便宜，比外面实惠多了,1
超级棒。还会再来,1
超级好用 很喜欢。卖家很耐心和细心，有送小礼物。开心地抱着我的新mac去上学啦～,1
超级漂亮，全新机子。,1
超级舒服，以前用惯win的易崩溃了，mac真的超级稳定，还没有出现过一次未响应，都不习惯了，触摸板无敌了，第一次觉得鼠标没有触摸板好用，除了混音和剪片子，基本都用不上鼠标。我的第一台MBP很满意！,1
超级喜欢，在慢慢探索中,1
超级小 动力挺猛的 开的飞快,1
超喜欢，很小，孩子玩着没问题,1
超赞的，超给力的，质量还很好，几十块钱买了一大推东西。简直划算的不要不要的，超喜欢，太给力了，必须给好评,1
炒鸡nice！！！客服真的耐心5555应该烦死我了8哈哈哈哈哈哈哈,1
彻底替换了六年前的老macbook pro。赞！,1
吃鸡最低配不卡，画质好 Y哈哈哈哈哈哈哈哈哈哈哈就哈哈哈哈哈哈哈哈家,1
初中就喜欢了，时隔好几年终于买了,1
除了通见毛病音响杂音外，其他都很完美，客服解惑及时，好评,1
吹不响呢,1
吹的特别响,1
从今天到以后，这段话走到哪里就会复制到哪里。首先要保证质量啊，东西不赖啊。不然就用别的话来评论了。不知道这样子够不够。谢谢老板的认真检查。东西特别好，我不是刷评论的，我是觉得东西好我才买的，你会发现我每一家都是这么写的。因为复制一下就好了。,1
从这家店买了很多本了，用的都非常好！,1
从这家店买了很多本了，用的都非常好！发货也很快！,1
打开502胶水漏一手 除了马卡龙小盒子发黄 硬币管粗糙 以外 都还好 物流超快的 所以好评,1
打开箱子一股资本主义烂水果的味道，真香。客服深夜帮着解决问题，很感动，祝越来越好！,1
单位的程序员推荐的老店，果然不一样。产品品质没的说，价格应该是同等品质最低了吧。总之很满意，发货之前店主还专门问是否需要帮忙安装双系统，是否要预装软件等等。总之很满意。还会来的,1
弹不起来,1
当大家看到我这一篇评价时，表示我对产品是认可的，尽管我此刻的评论是千篇一律的。这一方面是为了肯定卖家的服务，另一方面是为了节省自己的时间，如果东西质量不好我会直接说出为什么，大家就当作产品质量合格的意思来看就行了。最后祝店家越做越好，生意兴隆，财源滚滚！祝大家身体健康,1
当小礼物很实惠,1
到店自提的，店员很给力，很有耐心，点赞,1
到货很快，电脑用起来很顺手，还送了包包,1
到货使用了几天，感觉不错。就是第一次入手苹果，不是很会用。安装软件，配置什么的都要百度好久。慢慢弄吧。,1
地推这个销量最好哈哈哈没到一会儿还有人想过来扫码拿这个鸡都没了下次多拿一点货哈哈哈,1
第二 次在这买了。还是给五星。,1
第二次购买，赞！,1
第二次购买啦 东西很好 卖家人也超级合适的～ 会推荐朋友过来买的～,1
第二次购买了，电脑是指定你家了～ 发货速度快，客服也很好。,1
第二次光临此店，商品质量好并且便宜，值得购买,1
第二次来买了，电脑很好，定制机很快就到了，客服也很好。,1
第二次买了 没赶上双十一 没想到价格一直在涨 然后等不及降价就下单了 电脑不错 准备后期买AppleCare 特地为这个电脑买了incase的背包 妙控键盘鼠标也买了 下次买个dell u3219q就完美了,1
第二次买了，不错,1
第二次买了，非常棒的商家！,1
第二次买了，上次买的17款。这里货真价优。之后再补一个ac 完美,1
第二次买了很好,1
第二次在这家买了，不错。,1
第二台苹果笔记本，正品原装未激活，卖家服务好，自己装了双系统。双系统下触控按键完美适用，其实现在买也就是省个发票和耳机子的钱，总体完美很喜欢,1
第二天就到了，包装很完整，电脑也很喜欢~用了快一周，越来越喜欢啦，开心~而且客服很热情，也会教我怎么安装软件这些,1
第一次买Mac 比起windows电脑来说顺畅很多，有一种使用艺术品的感觉，工艺设计非常优秀，对于程序员来说非常优秀了，只不过发热还是有点恐怖??。,1
第一次买Mac，用了两个星期，还不错没发现问题。,1
第一次买苹果电脑，很惊喜，很意外。国行真品，官方验证过的。公司同事都在这买了。  看来以后要摆脱微软系统了。 使用起来非常流畅，非常好。 感谢卖家。,1
第一次网购碰上一个没信用的卖家:，出了问题都不敢出来解决，虽然是小玩意不值钱，但起码要有一个态度。这才是生意人的经商之道,1
"第一次用mac 激动到不行 质量非常好，与卖家描述的完全一致，非常满意,真的很喜欢，完全超出期望值，发货速度非常快，包装非常仔细、严实，物流公司服务态度很好，运送速度很快，很满意的一次购物",1
第一次用mac，不知道怎么样努力适应努力适应努力适应努力适应努力适应努力适应努力适应努力适应努力适应努力适应努力适应努力适应努力适应努力适应努力适应努力适应努力适应努力适应努力适应努力适应努力适应努力适应努力适应努力适应努力适应努力适应努力适应努力适应努力适应努力适应努力适应努力适应努力适应,1
"第一次用mac,激动。用了一个多星期了，手感超棒。电池循环一次，遇到一次播放视频有爆音，查了下是通病，然后自己就好了，还能接受，暂时没有其他问题。以后再来追评。。",1
第一次用macbookpro  客服也很友好给我答疑  mbp颜值确实挺高   用了两周下来也没什么毛病  主要是用来学习  并且本人不会玩游戏   并且家里人想让我用个轻薄笔记本 所以选择了他  还送了键盘膜   教我装了些软件  当时开箱的时候挺开心的  应该是原封的吧  这些我不太懂  反正开机后看到电池循环次数为0好像是  希望mbp能陪我走过大学吧,1
第一次用macOS，但是两三天就习惯啦！价格比官网优惠不少，卖家发货迅速，注意事项也提前告知，沟通流畅。挺满意,1
第一次用Mac因为有了一台台式所以不玩游戏 主要做视频用 在学校又有时候懒得下床所以一步到位直接macbookpro顶配  再说i9发热问题  用了一天  轻度做视频  发热还能接受 也没降频  可能是压力不够的原因 不过据说降频问题解决了,1
第一次用苹果??也不懂正版什么的验证，不过用起来确实万牧桥，很棒&hellip;&hellip;本子外型帅呆了,1
第一次用苹果笔记本，很多方面都不适应，高兴的是客服很耐心，很专业地接受提问，点赞！,1
第一次用苹果电脑，很棒觉得!,1
第一次用这系统不是很熟练，机器很漂亮，很喜欢,1
第一次在官方以外渠道购买，但收到的货品非常令人满意，祝店家生意兴隆。,1
第一次在苹果家园买mac，跟很多买家的担忧是一样的，这完全是二手的价格，甚至更便宜。用了比预算价格低买了比预算配置好太多的定制款，不知道赚大发了。但是确实是正品，用下来也没有问题，第一天就有漏电问题，据说苹果本都这样也就放心了。希望苹果家园越来越好。然后手机为什么没有那么便宜啊？,1
第一次在淘宝买电脑 还不错还不错??没有验货 但用着很好 就是卖家送的保护套不好 太硬了,1
第一次在淘宝买电子产品，对店家的一些答疑产生了信任，而且态度非常耐心，回复也很快。店家提供安装软件的服务，但是我打算自己装，店家把安装包发给我了。收到产品后第一时间查验了序列号，图一是未激活状态，图二是激活后，有一年保修。电话技术支持显示过期，我打电话去官网，官网技术人员说这是正常现象。图三的拆封时就有的磕碰，店家给了我人文关怀，补偿了一点。机器没问题，店家不错，给好评。,1
第一次在淘宝买那么贵的东西，机器收到很不错，全新没激活，很好,1
第一次在淘宝上买这么贵的宝贝，第一次评价！是原装正品未激活，电源循环次数为1，外观无破损！这里应该是淘宝最低价了！也有一点小瑕疵，就是打开包装发现螺钉自己跑出来了，不过没什么影响！,1
第一次在淘宝上买这么贵重的电子产品，实际体验很好，很放心！价格也实惠，省了小几千。,1
第一次在网上买这么贵的东西，快递员态度极好，我是把东西发往我家，妈妈收到的，本来以为是别的东西，然后我妈说让放到我家楼下的复印店，然后快递员说这个是电脑，必须要自己下来拿然后他才放心，电脑还没拆，因为还没回家,1
第一次在网上买这么贵的东西，前后对比了好多家，苹果家园比其他店便宜不少，店家很贴心附表教怎么验证查询，电池循环只有一次。还发了不少软件的安装包，很不错的购物体验。,1
第一次主动评论也是第一次网上购买电子产品，朋友也是在这里买的。 闪送很给力 电脑包装拆卡以后没有任何划痕 一切皆好 谢谢店家！,1
第一天的时候触摸板的单击失效过一次，重启后好了，第二天安装阿里邮箱会闪退。现在使用一周，没有出现过其他问题,1
电池循环只有2次，是崭新的机子，老板很好，买后多次找老板问问题都耐心回答，好评～,1
电脑??不错??，是正品&hellip;&hellip;问了客服也不错 解答很好,1
电脑不错，是正品，用着还行，后期有软件方面的事情找客服，客服也耐心回答,1
电脑不错，是正品国行，比官网便宜太多了，非常划算，垂涎好久的mac pro终于搞到手了,1
电脑不错，原封正品，用了几天也没问题，赞,1
电脑非常不错！正品原封没毛病。快递隔天就到了，很满意的一次购物,1
电脑非常给力，满满的欢喜，验证过了是正品，愉快的一次购物，感谢卖家送的小礼品。,1
电脑非常好,1
电脑非常好用，简直就是艺术品，我用来敲代码的，希望它能为我带来更多财富！,1
电脑还是很好用的，店家帮忙下了好多软件，谢谢老板啦～,1
电脑很不错 很薄很惊艳店家非常耐心 还给装了双系统和软件 非常感谢,1
电脑很不错，是正品。官网上激活了。,1
电脑很好 电池循环2次 屏幕没什么漏光 18款比17款热了点,1
电脑很好，很满意,1
电脑很好，很喜欢,1
电脑很好，旧款电脑用户值得去升级，电脑买来之后未后任何问题，确实是原装未拆封行货，老板服务态度也不错，很赞,1
电脑很好，是原封，键盘没有想象中的那么难用，手感还是不错的，音响很惊喜，屏幕出色，系统流畅，综合体验来说这个价格估计也只有mac了。要玩游戏就不要选Mac了，简单的LOL还可以，吃鸡不用想,1
电脑很好，耶送的很快，真开心,1
电脑很好还帮装了软件挺喜欢 般若波罗蜜多心经观自在菩萨，行深般若波罗蜜多时，照见五蕴皆空，度一切苦厄。舍利子，色不异空，空不异色，色即是空，空即是色，受想行识， 亦复如是。舍利子，是诸法空相，不生不灭， 不垢不净，不增不减。是故空中无色，无受想行识，无眼耳鼻舌身意，无色声香味触法， 无眼界，乃至无意识界，无无明，亦无无明尽，乃至无老死，亦无老死尽。无苦集灭道， 无智亦无得，以无所得故。菩提萨剩依般若波罗蜜多故，心无挂碍，无挂碍故，无有恐怖，远离颠倒梦想，究竟涅盘。三世诸佛， 依般若波罗蜜多故，得阿耨多罗三藐三菩提。故知般若波罗蜜多是大神咒，是大明咒， 是无上咒，是无等等咒，能除一切苦，真实不虚。故说般若波罗蜜多咒，即说咒曰：揭谛揭谛，波罗揭谛，波罗僧揭谛，菩提娑婆诃,1
电脑很好用，正品,1
电脑很优秀，后期用的，很棒，带bar超级方便 ，收藏还送了东西，这个店铺很优秀啦,1
电脑没有问题，电池2次循环，看视频续航应该不超过7小时，轻薄很不错。外壳子条码不知道为啥撕了，然后电话已经过保，保修也只剩下一年&hellip;&hellip;,1
电脑女儿花了一些时间配好上网设备，终于可以使用了，也验证是正品，希望能用的顺手，能帮助她学好专业,1
电脑全新未开封，官网激活后验证为正品行货，而且机子完美，没有漏光阴阳屏，特地用了几天才来评价的，好评。,1
电脑使用了几天没有遇到问题，使用顺畅。客服服务态度一流，繁琐问题一一回答，很耐心。第一次在淘宝买大件，没遇到问题很开心。,1
电脑试用了俩天还挺满意的,1
电脑是好电脑，服务周到，建议商家开通的支付渠道再多一些，自己再分期加手续费什么的多出不少钱，苹果官网都免息。,1
电脑是正品，买的未拆封，商家前面解答的很详细，后面需要软件安装，也一直提供帮助。,1
电脑是正品，序列号查询没问题，价格很优惠，客服服务态度也很好，有问必答，回复及时，有需要还会再来光顾的！,1
电脑是正品大陆行，很奈斯，客服也挺好不厌其烦的教我装系统，好评好评，关键价格还低，推荐推荐,1
电脑收到了，经过n码验证再加上用了这么几天，确实是正品无疑 而且苹果家园价格也这么实惠真的很不错。电脑的话，无论是配置还是外观均无可挑剔 好评~,1
电脑外观非常棒，店家也很耐心解决我各种问题，轻薄本买这款苹果真的不错，推荐。,1
电脑应该正品，mac具体如何大家可以看各大评测，我比较意商家的售后服务，未来如果电脑出现问题，希望店家能够给予帮助和服务，让我买的放心，用得安心。这里给各位一个提醒，请不要在电脑盒盖时使用键盘膜，官方有解释。,1
电脑用了一段时间了，没什么问题，建议还是要买15寸，13没性能只能轻度使用，买的小伙伴考虑清楚了。说实话15000在这个做工下windows平台也不多是这个价了。做个个人简短评测吧，键盘按键声音真的是比较响，风扇上系统策略太消极，建议使用第三方软件调节可以大幅度降低发热，转接器插在左边会断网，听说是路由器的原因，用5g的就不会这样了，可以插在右边，其它没什么说的了，祝店家越办越好！,1
电脑暂时先用着，还没出现什么问题。mac的系统太好了，触控板非常好用，用不着鼠标。我买了个magic mouse2没什么用。深空灰的好看一点，但是银色的也很好看。其实应该买银色的，不应该买深空灰的。物流也很给力，双十一第二天中午就收到了。,1
电脑真的很好，卖家服务很棒！！,1
电脑正品，用了一周，很满意,1
店家很专业，机器很正，非常好，买苹果推荐这家,1
店家速度超快，贴膜贴的也很好，正品全新国行，看了MacBook Pro 觉得我的xps颜值好低。。。触控栏也挺有科技的，蛮方便。第一次用苹果系统不太会，好多都要百度了弄，但是仍然发现里面有很多人性化的设计，和w系统不好对比，毕竟用这么多年，一般总觉得w方便，毕竟最简单的拖来拖去都没有，??,1
店家态度十分好，因为上门自提那天下雨闷热，店员看我到店时都是汗，立马开了风扇给我降温，休息了一会儿，就开始为我服务，检查盒子是否开封，型号配置五码合一等，又帮忙装了些常用软件。回家后更新了下系统，用硬盘看了会儿日剧突然死机了，心想不是吧新电脑就死机？之后强制关系后，重启后一切正常，又经过几天的使用并没发现任何问题，才放下心来。说实话在淘宝还是第一买价值超1W以上的东西，心里还是有些忐忑的，也查了很多家店，看了些品论和售后的服务态度，才决定选了这家。真心服务不错，价格上也优惠。以后还会继续购买，也会推荐给别人来买。,1
店家真的超级好！！电脑拿到之后为我解答了很多问题！！售后绝对的一流,1
店铺款式很多，店家态度也很诚恳。,1
店铺是真的还不错，电脑用了两天没有什么问题。客服人员也比较专业，回复速度也很快。,1
店主对咨询的问题响应迅速，发货及时，发货前确认信息考虑全面，很满意。电脑双系统很满意，还会再次回购，五星。,1
定制版的，等了整整两个星期，不过等的值，电脑OK，就是有点爱发热，用来工作，效率翻倍！,1
定制的机器，等了两周终于拿到手了，打客服验证了序列号没问题，刚上市就能这个价格拿到还是非常开心的。,1
东西便宜，一样都没有少，,1
东西不错,1
东西不错，查询过了是正品，比想象中的好，服务也非常满意，有问必答，我就是小白，哈哈，客服耐心好,1
东西不错，是正品。,1
东西不错，物美价廉，期待下次合作，以后买电脑就在咱家了,1
东西不错。如果赠品再实惠点更好，不用那么多 有一个就够,1
东西不错??服务比苹果店好,1
东西不错好评,1
东西不错值得购买,1
东西不怎么好，但是习惯好评,1
东西凑合。淘宝几年才知道原来评论85个字才会有积分。所以从今天到以后，这段话走到哪里就会复制到哪里。首先要保证质量啊，东西不赖啊。不然就用别的话来评论了。不知道这样子够不够85字。谢谢老板的认真检查。东西特别好，我不是刷评论的，我是觉得东西好我才买的，你会发现我每一家都是这么写的。因为复制一下就好了。,1
东西倒是没漏发 相对比较实惠吧 只是买的小剪刀不好 这个价格也算对得起了 凑合合吧,1
东西都不错，很实惠，无法一一拍照!下次有需要再来,1
东西都到了，物流很快，商品物美价廉,1
东西非常不错，客服服务好，下次换电脑还来这家噢。,1
东西非常好 很上手 下次买还会来这家店 性价比高  mbp这两天并没出现问题  就是产品开箱机子有瑕疵 东西应该是正的,1
东西非常好，点赞，差不多集齐苹果全家桶了，很棒的体验,1
东西非常好包装原封未激活，今天才开始用电脑才激活上网查询。非常感谢店家的有问必答。希望以后售后这一块还是一如既往地优秀。,1
东西贵内存大就是好要买就买最好的电脑我非常满意服务没的说&hellip;&hellip;,1
东西还不错，就是装水这个阀不太好用,1
东西还行吧。批发的嘛 不要要求太高了,1
东西还可以，反正也便宜，不贵就是漏发货，但是都退退款了，习惯好评,1
东西好玩，   买了好多好多东西。。。  好玩东西太多， 眼都看花了。。。,1
东西很棒，中间出了问题卖家也积极帮忙解决，很好的卖家,1
东西很棒很好,1
东西很便宜、哄小孩子玩的，就是快递啊，太暴力了,1
东西很不错，查了序列号，发货当天激活，使用全新,1
东西很不错，验证过了是正品，卖家给安装了双系统，还拍了视频，真心服务到位,1
东西很多就不一一评价了，没有发错货。也在期望内。物超所值吧,1
东西很好，刚开始用不是很习惯，现在已经有点上手了，感觉挺方便,1
东西很好，客服服务态度很好，周到！,1
东西很好，客服服务也很棒，还给装了软件，拆封还拍了视频，给力,1
东西很好，是正品，目前还在装系统 尽管我此刻的评论是复制粘贴的。这一方面是为了肯定商家的，另一方面是为了节省自己的时间，因为差评我会直接说为什么的。所以大家就当做是产品质量合格的意思来看就行了。最后祝店家越做越好，大家幸福平安，中华民族繁荣昌盛，分析全网查询优惠券销量对比，性价比对比，评价等对比~,1
东西很好，物美廉价,1
东西很好，原封正品，客服很热情，软件也很全，满意的一次购物。,1
东西很好。很牛逼。很好很好，很好很好,1
东西很好。淘宝几年才知道原来评论85个字才会有积分。所以从今天到以后，这段话走到哪里就会复制到哪里。首先要保证质量啊，东西不赖啊。不然就用别的话来评论了。不知道这样子够不够85字。谢谢老板的认真检查。东西特别好，我不是刷评论的，我是觉得东西好我才买的，你会发现我每一家都是这么写的。因为复制一下就好了。,1
东西很好??????,1
东西很好用，还有小礼品^ - ^,1
东西绝对正品，商家服务好,1
东西蛮好的，物美价廉，下次再来。习惯性好评,1
东西没问题，全新未激活，苹果的东西不必多言语，主要是机器是否正规。苹果家园东西是好的正规的，下一台电脑还是在本店购买，一定。客服小苹果可可果也很好玩，能解决很多问题。,1
东西是真的，收到快递时候，包装是完好的，机器是原封的，已验证过了，很满意。,1
东西是正品，按照卖家提供方法确实验证了是原封的，有整齐规则的气孔，非常满意的一次购物。身边有朋友会推荐再来的。客服服务也很好。,1
东西是正品，卖家服务很好,1
东西是正品，已经让朋友帮忙验证过了，东西用了几天感觉挺好的，以后苹果产品都在这家买了，东西好，服务忒棒~,1
东西是正品的，一起买了鼠标和转接线，特意用了几天再来评价的，很完美的一次购物，客服服务我打99分。下次换苹果还是这家了。,1
东西收到了，40元买了一堆，价格也便宜，很满意因为买的多就不一一评价了,1
东西收到了，很满意，物流很快，还会回购的，,1
东西收到了，已验证，很不错的价格,1
东西太多就不一一评价了，一件没少，满意,1
东西挺便宜的，买了一大堆，几乎都很实用！值得收藏店铺,1
东西挺不错的，用了快一个礼拜了，是正品，而且从面漆到屏幕，各种完美。客服对各种问题也非常有耐心，现在mac系统已经基本会用了，很好用。,1
东西挺好。孩子喜欢,1
东西挺好。孩子喜欢东西挺好。孩子喜欢,1
东西挺实惠，挺好。,1
东西一般般,1
东西一件不落，很不错，满意的一次购物。,1
东西用了哈，感觉很爽,1
东西用了一段时间非常不错。就是价格波动有点大 收货第二天就降了两百多块  也是第一次用mac系统不过好在电脑很容易上手 电脑是没什么问题的 更新了最新的系统登录时候有点卡 让人的体验不是很好 好在电脑没什么问题。90天电话顾问也是过期的。没去查相信店家,1
东西用了一段时间了，同事也在这家店买的，还不错，比官网便宜,1
东西真的不错的。网购的信任真的是无价。好评五分。还会再来！,1
东西正品，很好。,1
东西质感不错，宝贝们很喜欢，卖家的服务特别好，被种草了！以后就来您家买东西了！！,1
都很好，关于电脑，知无不言，有问必答,1
都太喜欢了，我就不一一评论了，买的太多了，便宜又好玩,1
都挺喜欢的，太多了，不一一评价了,1
对比了2016款 键盘 和性能进步了不少 三码合一 牛皮纸盒包装 原封国行,1
对比了几家才定下来的  十年老店果真不错    机器验证了是正品  爽死了  哈哈  我还会再来的,1
多次购买，不错哦！,1
多次购买，机器正品，店家好沟通。专业就是不一样。,1
额 玩一天就坏啦不建议购买,1
嗯，绝对的正品，原封未拆，快递包装严实，很赞！亲们，放心购买！,1
儿时回忆,1
儿子特别喜欢,1
儿子玩的都上瘾了,1
儿子喜欢玩,1
发的顺丰，很快就到了，是正品，面板和机身都很有型,1
发黄了,1
发货超级快,1
发货很快，东西很好,1
发货快，第二天下午就到了，宝贝完美，持续使用中，生产日期刚两天,1
发货漏东西 联系客服没人理评价错了,1
发货什么的都没问题，令人放心～顺带买了applecare也激活好了，虽然中间沟通次数比较多，到货真价实，满意！,1
发货速度超快，服务贴心，机器棒,1
发货速度快，东西也不错，服务态度好,1
发货速度快是正品，过节送的很好老婆很喜欢。,1
发货挺快的,1
发售预定之后就是漫长的等待，结果提前好几天到，兴奋不已，周六上午就去自提了，完美,1
反复验证过了，是原封正品，客服非常有耐心，还帮忙解包系统。,1
反正&hellip;&hellip;我那个是不怎么响，看着挺好玩的，哄小孩用的,1
飞不起来,1
"非常nice的品质, 可以更好的学习和工作了.",1
非常ok,1
非常棒，服务态度非常好，有问题立刻解决,1
非常棒，特意永乐几天再评论，完美全新机，除了一点点稍微的表面小瑕疵，不过几乎看不出，很棒，以后就认准这家了,1
非常棒～定制的13寸 16G内存，到店自提，店员很贴心的帮忙装了各种常用软件，还送了电脑包。目前使用下来没有问题～PS终于不卡了，steam游戏也能跑起来，感人！,1
非常棒的卖家，一开始我的疑问也很多，怀疑靠不靠普这么便宜，后来还是决定试试，还请卖家帮忙安装了些软件，帮忙我这新手解决了很多问题，推荐大家购买，绝对是正品，放心买就对了！！！,1
非常棒哦，快递小哥说全新未开开封，激活后超级好评流畅,1
非常不错,1
非常不错 国行正品全新 没有瑕疵 第一次买苹果笔记本，店家对于我不懂的问题也很详细的解释 非常靠谱的卖家 值得信赖,1
非常不错 价格 品质并存 很开心,1
非常不错 运送的包裹很完整速度也很快  电脑验证没有任何问题 售后的服务也很贴心 会一直支持,1
非常不错，好评！,1
非常不错，最近一直在忙，忘记评价了，很给力，物流也非常快，电脑没话讲，非常不错喔，下次买都来你家了，记得给优惠??,1
非常不错。,1
非常不错啊 放在家里 蓬荜生辉啊！,1
非常不错的macbook pro 赞一个,1
非常不错的宝贝，跟卖家描述的一样，感觉很棒！ 非常不错的宝贝，跟卖家描述的一样，感觉很棒！,1
非常不错的购物体验。客服也很棒。,1
非常不错的一次大额网购  很满意  客服态度也非常好  值得回购,1
非常的不错！！！,1
非常非常满意了！官网验货后是正品，实际使用感比air简直不知高到哪里去了，屏幕清晰惊艳到仿佛洗了眼睛，好担心自己以后面对班上Windows机器的显示屏还能不能习惯。操作流程顺滑，但是尺寸比13寸老Air还要小，薄厚重量差不多，功能却强N倍，简直不给Air留活路了。这些年对苹果失望大于期望，但是Pro果然还是经典中的经典，苹果的镇店看家宝啊，这一代Pro的更新提升相当良心了！ 这回换机子遇上家园真是太好了，发货快、东西靠谱、售后也不错，价格比海外实惠，不用再海外赶黑五啦！,1
非常给力，全新机器，出厂日期竟然是9月份，激活时间和电池循环都没问题，给予5星好评。  特地使用了几天才来进行评价，因为毕竟是一个贵重的物品。第一天用的时候就发现有破音的现象，这个在网上搜索了一下确实很多这个新的苹果笔记本电脑都存在这个问题，去网上升级两个补丁以后就没有破音现象了。可以接受。,1
非常好！,1
非常好！正品！,1
非常好，国行正品。预装了windows10和win7虚拟机。可以满足各种场景下的工作。服务态度非常好，要买这种大件，我是强烈推荐这间店给大家。,1
非常好，卖家还赠送了很多东西，很满意,1
非常好，妹妹很喜欢，满意,1
非常好，因为要转寄，所以晚了几天确认,1
非常好，做工精致，客服很周到贴心，给装好了应用软件寄来，用着方便，注册时出点小麻烦客服很好解决了。值得拥有五星。,1
非常好。买了很多，下次还来你家,1
非常好??,1
非常好的卖家,1
非常好的卖家，同城闪送很快就到了。,1
非常好的一次购物，很满意。苹果很少在淘宝买，有点不放心。朋友介绍这家，不错，服务也很好，有问题及时解决，软件和字体都给装好了。用了一段时间才来评价，服务一定要给个5分好评！,1
非常好绝对正品第二次买了,1
非常好用,1
非常好用。客服也很好。,1
非常好用的电脑，从以前手机到IMAC和现在的网上购买笔电都在家园买，靠谱的商家。,1
非常满意！发货快！客服也很及时！不愧是诚信老店！一定推荐！,1
非常满意，客服很有耐心，物流很快，到新疆都只要四天。,1
非常满意，没想到这么底的价位可以买这么多！下次小物件还会再来的,1
"非常满意的一次购物 机器到后遇到了一些问题 客服一直耐心的帮我解答 非常好 质量非常好，与卖家描述的完全一致，非常满意,真的很喜欢，完全超出期望值，发货速度非常快，包装非常仔细、严实，物流公司服务态度很好，运送速度很快，很满意的一次购物",1
非常满意的一次购物，从下单到收货（徐汇到奉贤）只用了不到110分钟；,1
非常牛逼，店家反应迅速，在最短时间内闪送到了公司，钱花的很值,1
非常牛的卖家,1
非常秀的店家,1
"服务到位，机器很好,用了一个星期没什么问题",1
服务好 东西也好,1
服务好，把我需要的系统都装上了！试了一下，性能不错,1
服务好，产品好，售后也不错！！给五星评价。补一句，货是真的,1
服务好，价格优惠，快递也很快。满分评价。15寸屏幕就是大，爽  后续用用看看是否有问题,1
服务好，客服态度也好，咨询问题一一解答，值得购买,1
服务很周到！帮我小心翼翼拆机注册，还装了必须的软件。上次我买了mac mini这是第二次了,1
服务态度超级好，很OK～,1
服务态度好，下单前有问必答，下单后也是一样有问必答，有求必应。好多使用上的问题都耐心解答了。,1
服务态度很好的 电脑也是全新的,1
服务周到，值得信赖。,1
感觉非常不错，快递2天就到了，鼠标也很好，客服服务也很热情，感恩。,1
感觉应是正货，感谢！,1
感X放了很久， 比^av，上面的字也了一半 但一元也不用就算了吧,1
感谢帮助圆梦 店家服务态度特别好  电脑用着没说的 还在适应中  身边有人有需求 会帮忙推荐。,1
感谢卖家..很划算..哈哈哈,1
刚才收到，还在摸索中，电脑真不错！,1
刚刚开箱测试全新的Vega20，我的配置是15寸i72.6，512G，32G，Vega20，刚用两个软件测了一下性能，感觉怎样，好像不错的性能,1
刚刚收到货的时候有点不满意，顺丰发过来外箱都有点变形了。送给弟弟读书用的学习本，害怕他不满意。卖家态度很好，使用的时候一直都在辅导我弟弟指导他使用。辛苦卖家了！！??????下次我换本子还来！！,1
刚好出差，就顺路来提电脑了&hellip;&hellip;希望后期使用一切顺利吧，感谢销售小哥介绍,1
刚开始需要适应一段时间，适应后多任务切换超级好用，软硬结合的很好。使用开盖，用完关上。全新未开封，店家送的键盘膜和包很实用。13寸大小带着就一册书大小，带着很方便。,1
"个头很小，mini 款，看的人眼花---以下为我收到不错的宝贝的通用好评，质量非常好，与卖家描述的完全一致，非常满意,真的很喜欢，完全超出期望值，发货速度非常快，包装非常仔细、严实，物流公司服务态度很好，运送速度很快，很满意的一次购物啊！",1
各种查都是原封正品没问题，电脑非常好用,1
给宝贝买的,1
给儿子买的，他很喜欢，我儿时的玩具，他居然也喜欢,1
给力,1
给力，好用，老板生意兴隆,1
给力的一次购物，竟然发的顺丰快递，赞一个哟！,1
给你个大大的好评，东西很好，下次还在你家买。,1
给女票买的，15寸的发热有点严重，感觉还是13寸的好用，电脑没问题，全新未激活，保修也是正常的，包装非常给力，有一种高级感，还配套全套软件和教程，售后不错，好评，快递给力，好评,1
给我们家小狗玩，现在还有点怕小青蛙，质量有点&hellip;&hellip;反正给小狗玩而已,1
给崽崽买了一堆我小时候玩的玩具  高兴得不要不要的??,1
根本没有说明书，不知道怎么安装怎么玩,1
跟17款对比一下，增加了i9选配，增加了2t 4t硬盘，增加了原色显示技术的屏幕&hellip;该升还是得升级，不是么,1
工作需要入手了一台乞丐版配置的pro，用了几天了，感觉很棒，如果只是用浏览器办公的话可以续航一天。,1
购买前还有些担心，不过收货后就放心了，非常不错，没有发现任何问题,1
故意用了好几天才来评价的，可以说没毛病不，今天问客服要了w10系统版本，完美安装，插上转接口了依然有网，唯一不好的就是这转接口，贵的一批，想买一条c口硬盘线居然40更贵，为毛要改转接口。。。。。。????????,1
关注很久 收藏更久 终于最近下定决心要买了 第一次在网上买这么贵的电脑 做工和细节都很棒！更感谢买家第一时间就发货 客服态度很棒 希望machome越来越棒,1
官网查询原装新品，电池开机后查看为循环一次，价格合理，图像细腻，色彩也不错，总体评价五星。,1
官网原包发货，非常给力，因为是定制款，但到货时间也非常给力&hellip;出去旅游一个礼拜，到家没几天也就到手了&hellip;开箱照先上&hellip;为何只能5张图评论了？！,1
管理员改密码改得不能用 只能叫会的人,1
国行全新，电源循环1次，没毛病，妥妥滴??店家还送了键盘贴和电脑包，赞一个,1
国行未拆封新机，非常给力！,1
国行正品，很好！下次买??就这家了。,1
国行正品，卖家态度很好,1
国行正品，没有问题。,1
国行正品未拆封，真棒，以后还买你家的。,1
果然是好东西。大半夜的，来给好评了。,1
哈哈，第一次买这么贵的东西，看了好多家店这个店最实惠，东西收到原装未拆封，激动的法拉利都找不到油门了，东西很好原装正品,1
哈哈哈,1
还不错,1
还不错 没什么问题,1
还不错！！！！！好评！！！！,1
还不错，发热量恐怖.....,1
还不错，算是满意,1
还不错。国行正品,1
还不错的小玩意儿,1
还不错刚买的时候有点担心，拿到手验证了一下正品行货无拆封,1
还不错哦，挺好的，没发现什么问题。没有使用痕迹，新夸夸，就是买了没两天降了两百多,1
还行 可以的 可以推荐一波,1
还行，不能离太近，稍微有点距离的话能看到图像，不过没有图片上那么清晰,1
还行，都是小孩玩具。,1
还行，还行，比想象中的大。,1
还行，有个是坏的,1
还行。用过一段时间再来评价。 目前来说没有什么问题,1
还行吧 希望后面的售后会好点 虽然不是很满意 但比起其他商家那种到货后半价都不想要的好多了还行吧 希望后面的售后会好点 虽然不是很满意 但比起其他商家那种到货后半价都不想要的好多了还行吧 希望后面的售后会好点 虽然不是很满意 但比起其他商家那种到货后半价都不想要的好多了还行吧 希望后面的售后会好点 虽然不是很满意 但比起其他商家那种到货后半价都不想要的好多了,1
还行吧！毕竟价格便宜,1
还好吧(。-&omega;-)?,1
还会发光哦。蛮好的。,1
还可以,1
还可以，孩子玩了几天把里面那东西玩的脏脏的??,1
还可以吧 感觉包装比较简陋 不太安全 好在没啥事,1
还可以没啥大问题老板很耐心,1
还没有玩，不知道效果怎样,1
还没有用，囤货中，很厉害的感觉,1
孩子hen喜欢,1
孩子爱玩，以下凑字哈哈哈哈哈哈哈哈哈哈啊哈哈哈哈哈还好还好叫姐姐近近景近景哈哈哈呵呵呵斤斤计较,1
孩子吹的很开心。,1
孩子到处吹吹吹,1
孩子很喜欢,1
孩子很喜欢，都没玩过，价格很合适,1
孩子很喜欢玩,1
孩子很喜欢这些小玩具，比在小超市买便宜多了。坏了也不会那么心疼,1
孩子们很喜欢,1
孩子说很好，服务很周到。,1
孩子挺喜欢的,1
孩子喜欢,1
孩子喜欢玩,1
孩子主动要的，可以在学校书市大集上卖，很抢手的哦！,1
好,1
好 正品,1
好，是个小猪佩奇的！,1
好次，玩一下下就坏了,1
好大一包，小巧可爱，宝宝很喜欢，很满意的一次购物,1
好的很好的很好的很,1
好店家，不错正品，就是新品有些贵。,1
好店家，好电脑，这是我的第二台macbook，很满意,1
好多家镜子质量超级好，超乎想象，至少这个价格很值三块九毛钱一个买了四个，很好很好，发货速度也挺快，到货速度也挺快，全部五星好评，给老婆买了两个家里留了一个自己用了一个很好很好，还很喜欢这个玩具,1
好久之前就听说苹果家园啦 刚好实体店在上海 真的是好方便地说～刚好能叫闪送～开心～关于杂音问题小姐姐还是小哥哥说更新一下系统就好了～还送了一个毛毡包 还有鼠标垫 键盘膜～心心念念好久的电脑～超级无敌巨开心～,1
好评,1
好评(o^^o),1
好评，国行正品，很棒！,1
好评，再接再厉,1
好评，质量挺好,1
好评。第二次来购买了。虽然有一个小瑕疵。但不影响整体使用。特意用了几天才来评价。上次来买的是air。用了一年多。屏幕一直看着很难受。这次直接买了pro。屏幕看起来很细腻。作图的时候。颜色很精准。除了有一点小瑕疵之外其他完美,1
好评。验证是全新未激活国行正品。 电源键附近，漆面有个凹点，没有大的外观影响。 总体很满意。,1
好评。找到儿时的感觉了。和孩子一起完好像回到小时候了。,1
好评。找到小时候的感觉了。,1
好评必须的哇，非常满意，物流快到飞起，新疆这边好多都要一周呢。,1
好评的一批。,1
好评好评，(?????)谢谢你,1
好评好评，绝对正版真货，客服服务热情周到，下次还要光顾,1
好评好评好评好评，是正品价格优惠！,1
好评哦,1
好评哦，经常在她家买东西，实惠，以下是乱写的不知道好不好，问一下地址给我说的不知道好不好，????我真的错了。，有没有物流信息更新物流信息往哪走了的不知道我吗，的不知道好不好啊我就那我就那我明天我就要你过几天就那我明天不用心里边有没有物流更新物流信息的不知道好不好啊我就那我就那我明天不用我就要你的不知道我就那我明天我就要我就那我明天不用我吗，的。,1
好评收货，和小时候的一样，满满的童年,1
好挺好用。,1
好玩，不错不错！,1
好玩，特别赞,1
好像吹不出声音,1
好用 不愧是苹果 价格优惠质量好 客服也很好 有问题也很快回复,1
好用，开机速度快，发货速度也快，画质清晰度很高，很好用，第一次用MacBook操作熟悉中，支持,1
好用，我自己拿来踢，不错！,1
好用的很，喜欢,1
好用实惠,1
和各位一样我也是第一次淘宝买这么贵重的物品。2.7gz I7 ，16G内存，定制1T版本。电池循环1次，价格方面比官网便宜，所以这是我在网上买的原因。对于摄影师来说，这个配置非常实用，LR读取相片超快的，nik插件渲染也快1/4.  i9配置就暂时不考虑，毕竟这是过渡品，过两三年再考虑i9也不迟。  总体，满分好评。  还有，赠送的电脑套，不放心使用，毕竟上面的魔术贴，好刺手，怕刮伤了电脑。  ,1
和实体店买的一样，而且发货也快，质量???保证,1
"和我小时候玩的一样---以下为我收到不错的宝贝的通用好评，质量非常好，与卖家描述的完全一致，非常满意,真的很喜欢，完全超出期望值，发货速度非常快，包装非常仔细、严实，物流公司服务态度很好，运送速度很快，很满意的一次购物啊！",1
和自己组里同事前后入了三台了，感觉不错的。很直接不必绕来绕去。相比管网效率奇高。,1
很ok包装很严实 就是送的键盘膜很硬 很容易松 扔了,1
很棒 so nice,1
很棒！！太美丽了，屏幕真的很好，为了颜值和屏幕买的，稍微适应了下系统，服务也不错，帮我装了一堆软件,1
很棒，比京东苏宁省了一千五左右，正品。,1
很棒，第二次来购买了，是原封正品，而且在平台也应该是最便宜的，客服态度也挺好。,1
很棒，是原封的。特意用了些日子来评价的，用的很棒????,1
很棒的电脑,1
很棒的一次购物，怀着忐忑的内心 从下单到收货两天 机子正品 无码合一 官网序列号查过是真 之后的苹果产品还会选择这家，店主还送了 两件实用小宝贝,1
很棒的一次购物体验，如卖家所描述的一样，全新未拆未激活。  客服服务态度很好，耐心解答问题，诚心推荐购买。,1
很棒的原封全新机，已官网验证，保修什么的都有，很棒很开心。体验很棒，客服服务很不错。有问必答很耐心。,1
很棒很喜欢 第n次从苹果家园购买了，速度很快，货也很正，以后还会继续支持苹果家园！,1
很便宜的小东西给孩子玩,1
很便宜可以哄小孩的东西，值得购买,1
很不错,1
很不错 用起来没问题 新款除了散热有点跟不上 用来绘图很流畅 因为急用 店家发的很快 第二天就到了,1
很不错！,1
很不错，小青蛙很好玩。,1
很不错，值得购买，很实用！买买买,1
很不错的购物体验。Mac好用。,1
很不错的一次购物，推荐购买。,1
很不错哦！小朋友们特别喜欢！,1
很多年不见的小玩意了，自己小时候玩的，现在买来给孩子玩，很好,1
很多年以前就关注苹果家园了，现在终于入手pro了。价格美丽，机器又是国行。已推荐身边朋友了。,1
很好,1
很好 帮忙装了双系统 和一些常用软件 回答问题也很耐心 谢谢,1
很好 很流畅,1
很好，本地半小时送达，真是神速呀！机器也很好用，不过苹果400电话只能查激活，关于配置是查不到的，还好机器没什么问题，灰色果然好看哈哈。,1
很好，东西我都很满意,1
很好，孩子喜欢玩,1
很好，和想象中的一样好，两个室友之前都买了17款的，我买的18款确实要比17的好很多，店家也帮忙装了双系统，很满意。,1
很好，很放心，店家服务也很好，预装软件很牛。,1
很好，很好，缘分的认识来很舒服,1
很好，价格优惠，电脑没问题,1
很好，价廉物美，满意！,1
很好，客服认真。,1
很好，老顾客了,1
很好，没有别的问题( ???&bull;_&bull;??? )?,1
很好，提升很明显，cpu性能跑分强大，音效震撼，很满意！好评！,1
很好，我拿了两试了试，声音都跟响,1
很好，喜欢,1
很好，下次还来,1
很好、很好，便宜还包邮，赞！,1
很好????,1
很好吧 就是价格浮动 不过有心里准备,1
很好的小东西，物美价廉，还会再关注，生活方便很多,1
很好好很好好很好好很好好很好好很好好很好好很好好很好好很好好很好好很好好很好好很好好很好好很好好很好好很好很好好很好好很好好很好好很好好很好好很好好很好好很好好很好好很好好很好好很好好很好好很好好很好好很好好很好好很好好很好好很好好很好好很好好很好好很好好很好好很好好很好好很好好很好好很好好很好好很好好很好好很好好很好好很好好很好好很好好很好好很好好很好好很好好很好好很好好很好好很好好很好好好很好好很好好很好好很好好很好好很好好,1
很好很棒 很喜欢！,1
很好很好很好，卖家赠了键盘膜鼠标垫还有电脑包，我不知道为什么会有差评，序列号我也查了完全没问题 全新未激活的 正儿八经的国行，很实惠！比官网便宜了不少！！！,1
很好很满意，据说苹果最近几年品控不太好，我的这台暂时没有发现异常，多谢老板发货很快,1
很好很完美的购物体验,1
很好哦不错 很实惠的,1
很好玩，就是太小了，,1
很好玩啊，给儿子买的 ，我玩的很开心,1
很好玩的小东西,1
很好用,1
"很好用，第一个小时用苹果系统要崩溃，适应以后超级佩服苹果系统，完全不同于win，非常棒,续航超强！自从注册了淘宝、天猫、一直就不在意淘宝币和积分怎么用，后来知道了评论的重要性，晒图的重要性，还有晒视频！家里的东西大多都是在电商购买的，以来不用出门瞎逛，而来还能免去出门的后续琐事。真的天猫超市让我越来越懒，可是有什么办法呢，天猫的东西那么好，日期很新鲜，质量有保障，物流配送快捷，买生活用品假货风险很低，买大品牌比实体店折扣低，还送购物券和津贴，对我们真是太用心了。以前都没有认真评价过，以后需要还会回顾的。",1
很好用，使用中不懂的客服也很耐心解答，很棒,1
很好用玩，飞得很高,1
"很久没有在淘宝上点评了,这次是冲着客服的服务态度做出以下评价:  1/机器  第一次买MBP  没有什么经验 也不知道怎么验证是否有什么问题  反正用着没有问题 外观啥的也都没有什么异样. 保修什么(注册日期是我自己填的?)  电池循环 都正常.  2/购买流程 自提 顺利 ; 建议如果现场有些样机体验一下可能更好 ;第一次购买 也没有去苹果店看  主要是大小没概念;  3/ 服务;&amp;#39; 这也是我这次花5分钟来点评的目的/  客服:苹果佬    非常友好.装虚拟机 .打印  整整忙活了两天 .我都要放弃了 他还在帮忙处理  而且是在远程操作的情况下. 非常感动 .    保留追评权利 ",1
很可爱，开始的时候宝宝害怕，习惯就好了。,1
很可爱，喜欢的最爱,1
很可爱，值这个价吧，但发漏了一个,1
很满意,1
很满意，国行正品,1
很满意的一次购物，超好的??。,1
很满意的一次购物哦。商家服务态度很好，有小问题的都给解决了，谢谢??。,1
很满意的一次购物哦??，太喜欢了??。,1
很满意的一次购物哦??，图案设计很用心的好看??。,1
很满意的一次购物哦??。,1
很漂亮  完美,1
很少写评价，好卖家，有问必答，推荐，中途装的双系统有问题，回寄了一次给卖家，从新免费安装了系统，在外面安装系统哪个坑啊，谁试谁知道，装个系统动不动就是好几百，还给你装不好，对于我一样不懂的小白们，最好不懂的问卖家，不要听电脑城里的瞎扯。,1
很完美！也查了，无拆封！很棒！下午发货，第二天中午就收到了！SF就是快！,1
很喜欢，很满意，这些小玩意，很精致！,1
很喜欢，快递非常快，但是运输太暴力的，是原装的正品。价格也合适，客服帮助很到位，表扬。但是美中不足的是为啥我的上外壳左下角有划痕，当时只顾着激活机子了没仔细看，好大的几道划痕，照片上看不太清楚。机子都激活了，懒得换了，不过还是希望大家注意啊??,1
很喜欢，质量不错，客服服务也好，发货速度快，真的很赞,1
很喜欢。宝宝很爱玩。物美价廉。超值，很好,1
很喜欢和描述一致,1
很喜欢很好用，苹果本棒棒的已经在他们家买第二台了,1
很喜欢哦，超级划算,1
很小的一个玩具，孩子很喜欢,1
很小个，好玩,1
很小也是，不过便宜,1
很赞，拆完原封包装验完后是原装正品，还耐心协助装好双系统，不错的购物体验，好评,1
哄孩子的，，自己吹，，而且还有响声！绝对的物超所值,1
话不多说，这真的是一次很不错的购物体验！,1
话不多说，质量很好比在外面买又划算又好，下次再来，买了很多宝宝玩的都不错，店家态度也很好,1
怀旧玩具，我跟宝宝都玩的不亦乐乎,1
坏的，联系客服上传视频！后面没人理了！,1
灰色比银白色漂亮，买个设计人员使用。,1
回来宝贝就拿着玩，很好，宝贝很喜欢，买着给宝贝玩呢？,1
回来打开用了，很不错是正品，包装很好回来没有破损,1
回来有几个吹不响的，不过不影响，很好，,1
回味一下,1
货好活好,1
货很正，卖家发货也很快！,1
货没发够客服也不理人气人,1
货早己收到!只是没时间用!是真的18款国行!很完美!,1
货正 人好 服务好,1
机器不错 原封 用了一天来确认的 死过一死机 应该是系统bug,1
机器不错，有点后悔没买15的，就是修图有点小，其他都可以，让预装了lr ps，序列号也都一致。,1
机器国行全新原装未拆封。良心卖家，推荐购买。有任何软件安装问题问卖家，他也耐心地解答，赞！,1
机器很好，国行正品。赞,1
机器没问题，应该是国行正品，用了好几天才确认收货，所有码都对的上，然后保修时间也是购机当天开始，不过我不是苹果工程师，也不能保证就一定是正品。期间遇到过一觉醒来电池突然变成0，后来确认应该是天气太冷造成的，过了一会好了。不过有件事值得说下，现在苹果现在品控降低了感觉，机器倒是没有什么大磕碰什么，但是一些非常小的地方的划痕还是存在的，我看了好多人不管官网买还是tb上买都有遇到过这个问题，虽然不影响使用，但是这么贵的机器看到有个非常小的划痕还是有些不舒服，在乎的人要有心里准备。其次我感觉便携性还是差了些，尽管比我的老款15寸小了点，也轻了点。如果要是背着旅行包的还行，但是要放手提包里建议还是13寸，不然拎着走一段路还是有点费劲的。当然，放家里放办公室的无视。还有个个人建议，如果不是为了32g内存的，不是做重度视频编辑的，可以优先考虑13寸。如果只是看中大屏幕而选15寸的，我觉得有些浪费，外接个显示器真的更实在。,1
机器全新未拆封的，目前没有遇到问题，价格很实惠,1
机器是全新国行，完美,1
机器收到了后有一点小瑕疵 有个黑点怎么也擦不掉 自己是个强迫症患者 和客服沟通了 双方都比较体谅对方 承诺我给了点补偿 这也不能怪店家 毕竟他们也没打开过 也不知情 机器绝对是原装未激活的 我自己花钱查的gsx 这点给个大大的赞 价格比官网良心多了 再提出重点表扬的是客服 很有耐心 这无疑是最好的营销方式 别人我不清楚 反正我以后入苹果产品就认准这家店了 最后 我不是广告 请各位放心购买吧,1
机子非常好，很漂亮。打电话给苹果客服查询了，确认正品，序列号三码合一，满意。苹果客服非常耐心善良专业，指导了很多,1
机子很不错，原装原封，验证过了。,1
机子很不错。老板，人很好。,1
机子没问题，序列号也查过了，其实只要不是翻新机就行。新的Mojave其实挺好用的，几个补丁之后稳定很多，Adobe的软件也可以用。购买之后店家会附送很多刚需的软件，屏幕色彩很准，摄影制图剪辑视频很需要。不过原彩显示在修图的时候最好关掉，要不然会有色差，这代模具散热不好，运行Adobe的软件发热挺严重的，不过可能因为图形处理比较大的原因，如果没有制作需求13寸比较轻便就够了。,1
机子没有啥问题，反正有问题也看不出来，哈哈。就是win10系统反复搞了好多天。,1
机子收到使用两周才来评价，官方检测机子是正品，未拆封，未激活。使用一段时间感觉很好，运行速度快，看电影玩游戏，没感觉卡，机子也没感觉发热，值得赞的是续航，我正常上班工作使用，不看电影，两天充一次电。卖家服务也很好，顺丰快递，下单第三天就收到了。,1
记得小时候挺喜欢玩这个的,1
价格比官方便宜许多，没有发票，但是正品无误，但是我很后悔没选16g而选了512的硬盘，现在是8+512，如果时间回到8天前，打死我也要选16+256啊。内存选小了，后悔炸了。才一周。不知道有没有旁友想收了我的。我再买个16+256的。要是在官网买的肯定退了重新买~追悔莫及！才一周，我考虑自损1000出了换16+256&hellip;,1
价格便宜,1
价格实惠质量一般,1
价廉物美和卖家描述的一样好评,1
价钱便宜又好用，性价比非常高,1
简单的童年玩具,1
简单易学，丫头一下就会了。还带灯光，比我们小时候自制的漂亮多了,1
简直太棒！,1
江浙沪地区物流超快，感觉pro跟macbook差不多，新的和旧的比起来就是不一样。给的软件推荐和安装教程确实好，客服很耐心,1
交易迟了不好意思，笔记本使用到现在还不错，序列号已激活是正版，值得信赖的好商家！,1
接着评论，跟我17款I7顶配想对比，还是喜欢灰色更多一点，定制方面，I9  32g 560x 1T想必近期是足够用了&hellip;,1
今天刚收到，很喜欢,1
经常网购，总有大量的包裹收，有很多的评语要写！ 但是，总是写评语花掉了我大量的时间和精力！ 回头想想，我花了钱了，还要我花这么多的时间和精力来写评语是不是很不划算？ 所以在一段时间里，我总是不去评价或者随便写写！ 但是，我又总是觉得好像有点对不住那些辛苦工作的卖家客服、仓管、老板。 于是我写下了一小段话，给我觉得能拿到我五星好评的卖家的宝贝评价里面以示感谢和尊敬！ 首先，宝贝是性价比很高的，我每次都会先试用再评价的，虽然宝贝不一定是最好的，但在同等的价位里面绝对是表现最棒的。 其次，在与卖家的沟通中，无论是前期咨询还是后期询问；卖家都能好好解答。 另外，物流的速度也是可以接受的，偶尔有比较慢的物流，也希望大家可以耐心等待，毕竟卖家也不能控制物流的速度啊。 相反，卖家比我们更希望能早日到货，我们能早点付款啊！ 希望卖家能再接再厉。把店铺做得更大更强，提供更多更好的东西给大家,1
经朋友推荐，来这买的。发货很快，前一天上午下单，第二早上就已收到。买的时候还是怀着忐忑的心，毕竟在网上买那么贵的东西。包装很严实，网上验证过ok。又用了几天，这才来评论。,1
纠结了很久在这里买的pro，偶尔也会在家园的评价里看到差评，就还是蛮担心的，但我拿到手的机子没有任何问题，电池循环也是一次，感觉这东西全靠运气吧??????然后作为一个文科生，真心觉得mac系统比Windows系统好用一百倍，没有任何广告，看一个小时剧才耗10％的电，对我来说真的很实用了～,1
纠结挺多天最终还是选择了苹果家园，原封未激活，完美，以后买东西还会光顾。,1
就客服态度就给个好评吧，客服很耐心，问的问题都回答了，连续问了几天??。全新真机，测试没问题,1
就这样子,1
绝对超值  比官网便宜好多  下午六点多下的单  第二天一早就到了 七点多到配送站  买了包子开车过去拿了  等不及他配送??  官网查了序列码  是正品  东西没有瑕疵  简直艺术品  对于第一次用mac  系统摸索了好久  基本已熟悉  最后就觉得 客服很有耐心  所有问题都耐心回答了  良心店铺  以后回购,1
绝对的优质卖家 会再次选择 服务棒棒的,1
绝对的原封正品 用了半个月 非常流畅 卖家态度很好 认真负责 下次需要还会来这家,1
绝对原封行货,1
绝对正品，值的购买。强力推荐此款。,1
开箱后一切都很完美，没有任何瑕疵，之前还担心网上说的mbp 品控不好，这回看来是运气较好，拿到个完美的。这几天使用下来体验很棒，没有任何卡顿，但美中不足的就是续航问题，平时浏览网页或者看文献还好，充满电基本能用六七个小时，不过一旦看视频放外放电就掉得厉害。总之在苹果家园的购物体验很完美，下次给女朋友买电脑还会来这家购买～,1
看起来大，其实就是一点点大,1
"看上这款宝贝已经很久了，终于到手了，挑来挑去挑了这家，事实证明我的眼光还是很好的哟，没有让我失望，做工和质量都很好，与卖家描述的完全一致，非常满意,真的很喜欢，完全超出期望值，发货速度非常快，包装非常仔细、严实，物流公司服务态度很好，运送速度很快，很满意的一次购物",1
看着挺大气，物有所值，下次还来光顾,1
考虑了好久   终于忍不住下手了      电脑完美！     就是不知道时间久了    屏幕会不会掉涂层,1
靠谱 是正品,1
可爱极了,1
可喜欢了，宝宝喜欢的不得了,1
可以 不错 是行货,1
可以，不错,1
可以，怪响。,1
可以，孩子玩玩,1
可以，十几厘米，2元妥妥的能卖？&hellip;&hellip;&hellip;,1
可以的,1
可以的，没有问题，送了键盘膜，罗技鼠标垫，一个普通的电脑袋,1
可以可以  毕竟这么便宜  小家伙们都挺喜欢的,1
可以可以没有问题,1
可以买  挺好的,1
客服超好电脑用着也没有问题,1
客服服务超级棒！很及时很体贴！ 双系统，重装系统。很容易（虽然刚买，但是已经装了几次熟练熟练了） 灰色很好看！！！ 配个拓展坞很有必要，最好要款式相配，不然也会不和谐。。 总之很值得买！ 程序员，主要还是用win，一般做多媒体才会用mac os,1
客服服务好，东西是正品，很满意的一次购物,1
客服很好！宝贝很棒！,1
客服态度好，有疑问都会回复。电脑不错，激活后发现电池循环是1次。,1
客服态度很好，电脑很到位,1
客服态度很好，一一解答了各种问题，毕竟这么贵重的物品，问问清楚才放心在这里买，果然没有失望哈。很好用～,1
客服真的很棒哦！,1
口邵收到了，一吹还有有响动特意多买了几个喜欢,1
快递非常快，收到东西十分满意，真心好评,1
快递很快，包装也很好，是正品,1
快递两天就到了，卖家的耐心很好。本子完好无损的到了我的手里，可以放心买。激活序列可到官网自行查询！很喜欢，超值！,1
阔以阔以,1
垃圾，不能玩,1
垃圾，回来就是坏的吹不响。。,1
拉一下就坏了,1
啦啦啦啦啦啦啦啦啦啦啦啦啦哈哈哈哈哈哈哈哈哈哈哈哈哈哈哈哈哈哈哈哈哈哈哈哈哈哈哈哈哈哈哈哈哈斤斤计较哈哈哈哈哈哈计划经济哈哈哈哈斤斤计较斤斤计较家,1
懒得去查序列号，直接拆了就用了～ 挺好～ 喷漆有一两处微小瑕疵，但是我不介意～,1
老板生意兴隆,1
老公以前买过一次，推荐我买。是正品，老店值得信任,1
老顾客，买过店里多种产品了。性价比很高，质量一如既往，服务热情，非常信得过。苹果产品就认定这家了：）,1
老顾客了，持续好评。。,1
老客户了 在他家都买了好多次的 没次都是一如既往的满意 电脑就不说了 质量杠杠的 好评,1
老客户了，N年前光顾过实体店。 机器很好，定制版现货配英文键盘，非常满意。客服很难心，售后提供的软件也很满意。,1
老客户了，到店取的，还加了个膜，刚取目前没问题，后面有需求再请教吧，祝生意兴隆,1
离家很近，直接过来拿了，很好。现场贴膜也棒棒哒,1
里面的活塞竟然是棉花， 哈哈(?&omega;?)hiahiahia。。。。,1
两个半球不平行，随便玩玩还可以,1
流畅速度快不卡，正品，值得信赖，各方面都很不错！,1
买的15寸丐版，这家店是淘宝最便宜的了。很漂亮，苹果的工业设计果然强。开机导入中，很满意，客服也很热情。有点后悔，其实512g的应该更好，就是缺钱。顺丰隔天到，包装也很结实。五星好评，以后还会来买。,1
买的17款，图个实惠，这家的价格算是很低的了，犹豫了很久才决定购买的，东西验证过了是正品。售后服务也非常不错，有问必答，软件下载满足我的需求，给力。,1
买的i9乞丐版，速度的确很快，同时发热量也大的惊人，pro这小身板果然还是压不住i9，不过还是够用了，店家服务不错，好评??,1
买的东西还行,1
买的高配，东西不错。要是再送点软件就好了。,1
买的两个，不小心弄破了一个。,1
买的时候用的闪电送，从徐家汇到张江半小时就到了，结果没有快递，忘了确认收货。 电脑确认是正品，买的32g内存1t硬盘的，运行速度很快，老macpro用airdrop传输速度也很快。,1
买给小孩子涂着玩的,1
买回来用了两天才评价。挺不错的，比之前的电脑块太多了。厉害，卖家服务态度好。物流快，第二天就收到了。666,1
买来给我弟弟玩的，嗯&hellip;&hellip;他应该不会嫌弃的,1
买来激活了后翻过来看才发现表面有一点点轻微花纹和磨损痕迹，需要照明下才明显。虽然说的是全新品但还是有点点怀疑是不是官翻的。不过不是完美主义还是瞎用了。习惯性好评。,1
买来就查了一下序列号。应该是正品。拆的时候包装塑料膜下面有一片灰。原因我也不晓得。除了这个基本很完美。没有爆音。没有磕碰。漏光情况也还行。总体满意。希望后续没什么问题。,1
买来送男朋友的生日礼物，超级惊喜＋惊吓，还说太贵了拿去退了吧。抱在手里全程忍不住露出8颗牙，哈哈哈哈哈哈哈哈哈真的很想笑， 送人还是买高配的吧，能让惊喜最大化。   PS这款真的很漂亮，颜值配置都很赞，男生还是要15寸更配，黄皮纸盒包装，未拆封的。,1
买来做奖品的，比较划算，小朋友们也挺喜欢的。,1
买了大概有一周了，官网验证过了序列号，确实是正品，macos也是正常能更新，感谢店主，相比官方渠道实惠了十分多！下次再来买点其他的产品！,1
买了给我儿子玩的。东西好多种，还实惠，快递也很快,1
买了好多，有一个没收到。也懒得拍照了，不值钱，就是买着玩的,1
买了好多东西！还可以！,1
买了好多东西，双十一用了红包特别合适，更便宜了，东西一样都不少，质量也还可以，都是一两块钱的东西，也没指望有多惊艳的质量，能用就行，物流挺快，东西质量也还不错，好评。,1
买了好多东西，纸盒包装，还送了小皮筋，孩子很喜欢，物流也快，满意。,1
买了好几天，用的很不错，也是原装的，我自己拆封的，客服态度很好，售后也很不错，很好，下次换电脑还来家园,1
买了很多，都还不错，比较满意,1
买了很多东西就不一一评价了，都很好,1
买了很多小东西，很划算,1
买了后有两周的使用时间了，机子是全新未开封国行正品。以后买Mac还是这家。,1
买了灰色但没货了但客服立刻询问后帮换了银色当天发出 这是一个好评模板，不要看了下面都是废话。因为本仙女很懒不想每个宝贝都写好评所以才模仿网友的好评模板，但是这个宝贝不管是质量还是款式都是本仙女喜欢的如果不喜欢本仙女收到会很生气然后这个模板就会变成各种喋喋不体的吐槽，自然不会撒下这个好评给各位淘友一个参考。本宝贝还是极好的，来自一位懒省事的只爱购物不爱写评论只想换积分的仙女,1
买了几个只有这个可以玩,1
买了两次东西，第一次挺好的，安全并且没有少货的送到了，可是问题就发生在第二次，买的小东西有点多，而且路上的时候包裹就破了，卖家让先看看，去驿站拿的时候已经换了新的盒子，而且当时让快递员数了少了三件，到家的时候仔细核对了下，少了四件，然后拍照发给客服，客服说照片有点黑看不到，还强调东西都给了，难道你们不知道盒子破掉了？？？然后无论我再说什么也没理过我，差评必须给了，我很少给差评，这种态度，在这家买东西我是来买气受的？？？,1
买了两台，用了好几天了。没有问题。很棒。,1
买了十一个，发货人员特意给我挑了各种不同的，感谢,1
买了一堆，就不一一评价了，总体相当满意，性价比很高,1
买了一堆东西，东西一件不落，很不错，满意的一次购物。,1
买了一堆东西，漏发了一件，给退钱了，本来挺期待那个小灯的，结果没收到，不给补发，下次有机会再买吧。,1
买了一堆东西，每一个都好满意，宝宝玩具一拿到俩人就抢起来了，很好，卖家态度也很好,1
买了一堆孩子玩的小玩意，孩子比较新奇也很喜欢，拿到之后就玩的不停，关键是还好便宜，下面附几张照片，看着都还不错,1
买了一堆垃圾回家,1
买了一个好贵的定制版mac，打开激活后才发现屏幕有一个挺深的痕迹。 但是店家还是很负责，陪我去苹果店进行了硬件检查，确定是国航正品未拆封的。 卖家特别负责，态度好。就是我运气不太好。 总之是个好东西，我就当被我家猫咬了一口吧,1
买了这个第八代i7六核2.6g的，32g内存，512闪存。虽然只用来日常办公，收收邮件，看看报表，做做PPT，不做其他用途。但作为硬件控，又不想3年后电脑跑不动，所以听客服的建议，花3000块把16g内存升级为32g这样三-五年绝对还能用。 I9处理器就没必要了，也是要花3000块但性能只提升10%，这个差距忽略不计。别想着i9是king，但放在狭小的苹果电脑内部空间里这种热量怪兽几十秒就超标，自我温度保护机制会降频，降到和i7一样，所以没必要花这个钱。,1
买苹果送外星人真好  不错不错  ??,1
买前很担心  拿到后很安心  推荐购买,1
买前最大的顾虑就是是否正品，但是还是抵不住比官网便宜两千左右的价格诱惑，这家是同事推荐的，她用了一年的12寸，没出问题。我电脑也用了一阵子了，基本没什么问题，AI、PS用着很顺畅，建模渲染软件还没时间安装试验，不过估计会比较吃力，总的来说还是很喜欢的。,1
买这台电脑纯属因为颜值，性价比不存在，实用性不存在........,1
买之前还心惊胆战的，毕竟从没没在淘宝上买过这么贵的东西，到手后发现和官网的没啥差别，外观也无瑕疵，还好提前买了，买后就一直涨价，下次买苹果还来你家,1
买之前浏览了很多家店铺，综合对比下来觉得这家店很靠谱，到货后也证实我的看法，原封牛皮纸包装箱，全新未拆封，里面的电脑包装上也有带气孔塑封。激活以后，也有3个月的电话支持服务。综合非常满意，店家送的都是高品质又都非常实用的礼品。对于一位果粉来说，集齐全家桶是一件非常幸福的事情。,1
卖家答应补差价了 服务态度还是很好的,1
卖家服务还不错，收获以后问了你问题也有问必答，没有因为收了货就换了面孔，希望生意越做越好,1
卖家服务态度很好哇，装的office非常奈斯，第一次买MacBook，系统真的很好用，还在进一步摸索中,1
卖家很耐心，人很好,1
卖家很耐心的解答使用过程中遇到的问题，挺好的,1
卖家耐心服务 配送速度超快 MBP一直用 之前那台用了7年也还能正常使用 新款当然更赞 ??,1
卖家人很不错，交流了一下很快就下单了，发货及时，电脑按时收到，官方正品，下次还会推荐朋友来买的！,1
卖家态度很好，也解决问题了,1
卖家原因物流延误,1
卖家真的超级好，价格便宜这么多就不说了，关键是有什么问题都能问，卖家都非常耐心的回答，像我第一次用mac os真的超级晕，卖家都能帮我解决，超有耐心，非常好！,1
蛮好的 啥都不懂的电脑小白 虽然客服用微笑嘲讽了我  但是服务还是阔以的,1
蛮有趣的玩具，看到好多景区也有卖的。,1
满分,1
满心期待的等有钱 等的有钱后 能买电脑了 每天一个小时刷一次它到哪里了 很快 到云南就三天时间 前面用的是洪基 并且很卡很卡 电脑是10年的 对于一个做设计的 等它加载一个psd文件要疯 后面公司用的是Mac后 好好的感受到了它的强大于是决定给自己换个电脑 真的一切太幸福 太兴奋 这个手感真的是服苹果为什么一直这么牛X的原因了 把很多东西都极致的简化到你都想象不到 自己的本 还是要好好爱惜好好研究 谢谢老板听我唠叨问这问那的,1
满意 ，新鲜 刚出炉的。,1
满意 买了好多小东西都很好没有破损  。,1
满意，东西质量很不错,1
满意，这么优惠的价格能买那么多东西。都挺好,1
满意。自提很方便，还帮忙安装软件，很好,1
满足了预期需求，机器完美，使用很顺畅，客服服务到位。,1
满足一下童心,1
没得说，很完美的一次购物体验，客服服务态度好有耐心，还送了一大堆实用东西，还给我免费指导安装了我想要的软件，还承诺后期可以继续技术支持??完美，全五星&hellip;,1
没毛病 速度比老款的快多了,1
没毛病，货正，完美ojbk，以后买电脑就选你家了,1
没毛病的店铺,1
没啥说的，绝对好评！！要买的不用犹豫了，直接下单吧??,1
没啥用，用来凑数的，感觉一般,1
没什么声音,1
没玩就坏了,1
每次确定收货后，偶都会默认好评接着把星星填满，偶觉得这是个好习惯，每当看到:亲，您的评价对别的买家有很大帮助时，偶就发誓一定要做个好评专业户去好好帮助别的买家。马云大叔都说了，给好评的买家都是好买家哈。老板，临走之前再悄悄告诉你一个小秘密，偶已经把你的店铺收藏起来啦！如果别的买家因此而找不到，你可不要怪我哟&hellip;&hellip;。,1
每年一到可以穿漂亮裙子的季节，身体里的陈寒就开始暴露了。冷气一开，肩颈都要硬一些，膝盖嗖嗖冒凉气，痛经都能来得更凶猛些。夏天阳气外泄，体内的阳气荣散在体表，原本体寒的人，此时体内阳气更处于虚空的状态。 好在夏天外有炎热助阵，只要在体内同样提升阳气，内外夹攻，就可以轻松驱寒，平时除了多灸灸，这里更要向大家推荐一个省事又好用的方法&mdash;&mdash;坐垫法。,1
描述一样,1
魔方很喜欢,1
目前很完美，就是该买15寸的买小了到哪等你单开双控生快生快快说快说看什么书没什么什么模式快说快说快上课我看看我看我看我考完科三快说快说看快手,1
目前来说还不错了  ！希望以后这电脑还能不错 ？ 目前先用用看看啦！不过这转换器是个头疼问题啊 插上去要断网头疼的问题啊！还有这苹果电脑要消费的钱还真不少啊&hellip;&hellip;还好买电脑买的便宜一些 买贵的话接下来很多东西都要买不了啊&hellip;&hellip;&hellip;&hellip;苦命啊！,1
目前使用 没有任何问题 但是毕竟比官网便宜那么多 风险的话 还是要承担一点的,1
目前使用，还不错，没有问题，是正品，后面再多用一段时间，再反馈,1
目前完美测试后评价没有赶上8%很幸运,1
目前一切都好，第一次用苹果电脑还有很多不熟悉的地方，希望以后客服会耐心解答，如果以后不出问题，是肯定会向周围朋友推荐这家店铺的,1
拿回来就爱不释手，不给别人，自己玩呢？买对了，很好很好很好很好很好很好很好很好很好,1
能弹很高的，很好玩,1
鸟笛已收到了，用了很好用的，质量很好的。,1
鸟枪换炮，15款的跨步18款，苹果还是苹果，公司给配了X1果断扔在一边,1
牛逼疯了！,1
跑的可快了，哈哈,1
朋友推荐的，他家苹果都是从这里买的，相信他~,1
朋友推荐的这家店，果然名不虚传，正品行货有保障，客服态度好，推荐给大家。,1
朋友推荐的这家店，直接去店里拿的，用了一周了，没什么问题，给安装了好多软件，可以可以可以的没发现什么问题,1
漂亮，小孩喜欢玩,1
漂亮小巧,1
拼图质量一般,1
品质好 优惠好,1
平时我一般懒癌不想写评价，但是这次感觉不写一下对不起这么好的卖家。 首先机子很好，全新未拆封没问题。然后重点是店铺可以免费提供很多售后服务，比如我一开始想升级系统但是频频失败，卖家直接远程手把手教学，最后完美解决。后来我自己尝试用bootcamp装双系统，中间也出了一点小问题，卖家也直接提供免费指导，相比某些淘宝商家装个双系统就收个几十上百简直不要良心太多！！  在这里特别提醒各位买家，苹果装Windows超级超级超级简单，无论是自带的bootcamp还是用Parallels装虚拟机都完全是傻瓜级难度，千万别浪费钱去买什么双系统服务，太坑了！！！,1
苹果产品，用过的知道。 好评！ 四个雷电3，全世界都? 买这个机器了，别忘了配个坞！ 但最早废弃软驱的也是苹果、抛弃耳机孔的也是? 雷电3+雷电2，10分钟迁移完成！ 效率啊！,1
苹果的本子确实很高大上，颜值超高，视网膜屏幕超清显示，电池循环1次，有效购买时间，但已经过保，整体挺好的，好评,1
苹果佬大神请受我一拜,1
屏幕一百分。老婆说没要转接口麻烦。,1
破了，里面的水都流出来了，味道很大,1
期待～,1
期待了这么长时间终于到手了，好几个同事都是在这家店买的，正品有保障,1
其他目前来看还好 不过出现过一次开机后闪屏的 如果再出现我会找客服沟通 追加评论,1
亲自过来取货的，因为对电脑也不懂，带了一个朋友来帮我看，特别负责任的卖家，帮我装上了一些需要付费的软件，还送了我一堆东西，十分感谢,1
轻盈 漂亮 美观 速度快！,1
去店里买的 很不错 工作人员很热情 买来后用的很不错 没啥问题。本来看到有差评很担心 ，但是现在感觉用起来很好也没有白屏之类的。会推荐给同学来买,1
去店里拿的，全新未被激活的新机，比官方优惠太多，值得推荐。,1
去店里自提的，服务很好，买了398的套餐，很划算，用起来超舒服。1990年退休后，巫宁坤用英文写了一本传记A Single Tear（《一滴泪》），回顾了自己回国后的经历。这本书在英文世界引起轰动，是《纽约时报》当年评选的7本Notable Books（值得关注的书）之一。  而这本书的代价，是他的一生。  在书的结尾，他用9个字概括了自己的人生：  我归来，我受难，我幸存。  「归来」是他的选择，也是他的真心，但此后的「受难」是他没有预料到的，幸运的是他「幸存」下来了。  晚年，他对来访的一个美国记者彼得&bull;海斯勒（中文名何伟。对，就是那个何伟）说：  如果没有文化大革命或反右运动，我也许会是一个更有成就的学者，也许我会写出几部有关英、美文学的专著。但是那又怎么样呢？关於这一方面的专书早已汗牛充栋了。《一滴泪》也许是一部更重要的作品。  选择不问西东，但不同的选择会造就不同的道路，塑造不同的人生。,1
去门店自提的，价格比官网价格便宜，而且是原装正货，付款拆封，程序都很正式，接待的小哥认真负责，帮你安装各类软件，描述得也很详细，整体感觉不错。,1
全五星，客服好，电脑好，是正品，假货做不了这技术，如果能何必做假货,1
全五星。我是直接去拿的很不错。,1
全五星好评，为了保持公正，特意用了一段时间再来评价的，行货，全新。非常好的机器，下次还来 。哈哈，看着比官价便宜那么多，还是一样的货心里就舒服,1
全新 国行定制机 2018款外放效果抵得上随身音箱了 TouchBar比想象中好用,1
全新，非常不错的笔记本。价格有优势。推荐购买。,1
全新的，很酷！早知道让店家给我按好软件了，自己买回来按的，毕竟第一次买，怪害怕的，总体很棒！价格超好！会推荐给同学的！,1
全新的机器  很棒  价格挺便宜的,1
全新国航 机子还是不错的。17款pro 16g 256g ，感觉比air发热严重，目前没啥其他毛病，挺好,1
全新机！小哥开机 测试 安装软件样样满意！超五星,1
缺少零件，且无法投影！,1
确实是国行正品，机器外观没有瑕疵。给好评。就是苹果公司他娘的电脑怎么爱学我红米手机一样发热呢？有时候在线看电视热有时候又不热，全看心情呗。18mbp15确实扬声器会有杂音，屏幕还会花一下，刷新一下又好了，而且我发现电脑越热扬声器越容易有杂音。。。此外都很好电池循环0，店家也很有耐心。用了好几天才来评价。。好评。,1
确实是正品MacBook Pro，其他我都不在意，只要是正品就行。价格比天猫的店优惠。不过现在开机输入密码以后，好卡，不知道怎么回事，要加载了一个什么进度条，黑屏一下，搞不懂怎么回事,1
_很好，l速度很快，物流也快，Ρ攘撕枚嗉遥最後是Q定在@家I，比肀热ミ是X得他家|西|量是真不e，料子很舒服，性r比也高，要是s上了活更好，r格更美，希望活动多多，优惠多多。必须好评好评好评好评好评好评好评好评好评好评好评好评好评好评好评好评好评好评好评好评好评好评好评好评好评好评好评好评好评好评好评好评好评好评好评好评好评好评好评好评好评好评好评好评好评好评好评，下次还会再来。,1
人生旅途中，大家都在忙着认识各种人，以为这是在丰富生命。可最有价值的遇见，是在某一瞬间，重遇了自己，那一刻你才会懂：走遍世界，也不过是为了找到一条走回内心的路,1
软件都装了，非常好。,1
软软的  跟好玩,1
闪光?很漂亮，小孩喜欢，,1
闪送，物流很快。,1
上次有点小瑕疵，这次完美，很好啊。喜欢，用起来特别爽！！！,1
上海到河南信阳隔天就到了 很快 机器好评 必须全部五颗星??,1
上门提货的靠谱、放心,1
上门自提的，卖家帮我装了软件，服务态度不错，电脑目前没有发现问题。,1
上一台笔记本也是mac book pro 13 年款的，用了已经5年了，最近下定决心换，收到这台新机器后决定给好评。我是在网上了解到machome是一家老店，这家店是只卖国行正品全新机的，论坛知乎里有一些人在发帖咨询这家店如何，总体来说并没有太多喷的，所以舆情调查这关这家其实是ok的。首先我先分析了这家店价格做到这个位置的合理性之后，我把所有的差评都浏览了一遍，虽然有一条有疑惑，但是总体并不能影响到自己对于这家店产品实质性判断，买东西其实你从一家店的客服态度也能感觉到出些什么，这家店店员的态度和处理问题的方式很专业，非常流程化，你能感觉到他们卖的机子就是新的，比如说很不避讳地问是否需要帮忙贴膜，可以支持，其实正因为心里很明白自己是真的国行所以不怕质疑。机器已经收到了，我按照网上常规的流程对机器进行各方面检验，均没有问题.因为我是个很谨慎的人，所以还找了个三方进行查验，结果也是全新的机器。见图三，虽然卖家嘱咐过最好不要把序列号透露给三方机构但是我还是做了，卖家你不会怪我吧，哈哈！最后把我的就机器和新机器合照一下，留恋，希望下个五年换电脑的时候还可以来machome继续买一台新机器,1
稍有常识的人都会看出，如果我们的购买继续保持，这个销售正品的家园，难道能够不破万亿越南盾吗。,1
哨子吹老响了呢,1
哨子挺好的,1
十分满意的一次购物，试用了两天，注册，验证，软件安装，都很顺利，是国行正品，感谢苹果家园。以后会介绍朋友来的。,1
十几块钱买了一堆东西，非常划算，也很实用,1
十几块钱买了一堆东西，总的来说还不错,1
十来块钱，一个快餐钱都不够，却买了10多个玩具，质量很好，孩子们很喜欢，楼上小朋友都下来玩不停。值得推荐。,1
十年前， 她们高考失败。 但是，她们发誓： 一定要把有钱人踩在脚下！     十年后， 她们真的做到了！  心若在，梦就在。。。,1
十年如一日  老用户还给我旧电脑做了清洁    这个好传统要保持啊,1
实体店自取 很方便,1
使用几天后才来评论的，机器基本上没有任何问题，续航也还可以，序列码也没有到官网查，应该是正品，苹果做工确实精良，过几个月会来追评，很满意的一次购物。,1
使用了一周才来评价的，电脑很好，自己拆箱的，正品，会介绍给朋友来买。,1
使用了一周左右了，目前还在慢慢熟悉各种快捷键，总体使用起来很爽，正品没毛病。作为码农神器，激发了学习热情～赞??,1
使用四五天了，挺好的！自提的，服务还是挺好的。当场检查，没有问题。,1
试用了几天才来评价，电脑很好，卖家服务也很棒，送的软件也很齐全，很开心的一次购物。,1
是灯光手环,1
是国行全新正品,1
是全新的没错，官网查序列号没激活，只是笔记本天生一个小瑕疵，看图片，可以接受吧，总体还是非常满意，可以信任的店铺,1
是原装，划算,1
是正版。,1
是正品  过几天没问题发追评,1
是正品 2018款   很喜欢   客服沟通很细心,1
是正品！官网查过序列号了，电池循环次数为1。支持购买。,1
是正品！相当不错！,1
是正品！用了一段时间感觉不错！服务好！本本好！包装好！快递也快！非常满意的购物体验！希望本本用的我久一点！推荐！推荐！推荐！,1
是正品，不错，下次买国行还来苹果家园,1
是正品，非常好用，卖家人也很好。,1
是正品，非常满意,1
是正品，好用,1
是正品，很喜欢,1
是正品，客服也很负责，好评,1
是正品，朋友介绍的，果然不错，还送有小礼品，非常贴心，满意！,1
是正品，速度快，赞一个,1
是正品，运行贼快，比想象要轻很多,1
是正品，值得拥有,1
是正品国行 没问题 卖家服务很棒 解答了很多问题 价格真的很实惠 还送了赠品 非常棒 以后电子设备就来这家买了,1
是正品好评,1
是正品没错，用了三四天才来评价，Mac的手感真是太好了,1
是正品原封未激活的，值得信赖，用一段时间再来评价追加相片,1
收到后是苹果原封、这家店买产品不需要怀疑的、都是正品服务也不错,1
"收到货，第一时间拆包装，感觉质量还是比较好的，与卖家描述的还是一致的，挺满意的, 个人真的很喜欢，完全超出我的期望值，发货速度比较快，包装很仔细、严实，物流公司服务态度很好，运送速度很快，总的来说这次是很满意的一次购物，感谢卖家。",1
收到货了，非常非常喜欢，宝贝超赞，真的是物有所值，果断五星好评，哈哈哈哈哈哈哈,1
收到就迫不及待打开了，是正品哦，很漂亮，喜欢，客服很专业，以后有需要会继续光顾,1
收到快1个星期了，我感觉产品非常满意，里外也看了用了个把星期了没毛病，客服服务也热情，有问必答，非常专业，如果有朋友需要苹果电脑，会推荐过来，毕竟比实体店便宜很多,1
收到啦，查了一下是正品，速度很快，办公用很好,1
收到了 客服完美,1
收到了 五码合一 是正品，店家精心贴了膜 感谢。正在熟悉中,1
手感很好，店家很有耐心,1
手指灯是动物的图案，还不错,1
首先东西很满意，至于下面这这话不要看了下面都是废话。本仙女很懒不想每个宝贝挨个打字，，但是这个宝贝不管是质量还是款式都是本仙女喜欢的如果不喜欢本仙女收到会很生气然后这个模板就会变成各种喋喋不体的吐槽，自然不会撒下这个好评给各位淘友一个参考。本宝贝还是极好的，来自一位懒省事的只爱购物不爱写评论只想换积分仙女，满意满意满意满意满意满意满意满意满意满意满意满意满意满意满意，好评,1
首先苹果的体验确实好，用着舒服。之前用的戴尔移动工作站，虽然各方面配置更高，但做工和体验不行，感觉没有像苹果一样注重用户体验。 然后店家的服务也还不错，价格比较有优势，送了键盘膜和内胆包，好评！,1
首先确认应该是正品，开箱到后来的官网维修都是对上码的。 使用体验，第一次从win到mac 完全不适应，一开始都有点后悔入手mac了 毕竟那么贵，可以买一个很不错的win了，另外软件不好找，操作不上手，快捷键要一个个去搜，现在这么长才渐渐摸索出来了 关于硬件问题，会发热，第一次充电热的惊人，第二次之后还好点，平常使用大型软件会发热，在使用移动硬盘也会发热。一开始的时候再发货途中听闻两件不可逆问题，一，苹果官网说17年6月到18年6月间，无barMacBookpro硬盘有问题可免费换，心里忐忑，拿来一查没有，心安，二是，Macbookpro的Retina屏天然会有涂层剥落，这个是苹果硬件问题，这个又没法，这样一想换不如买win， 所以总上，如果入手mac一定要好好考虑好，不要像我一样冲动。现在毕竟win本的做工也赶上来了，当初为了mac的信仰花了三月工资，说到底还是穷，有钱随便换。哪里在乎这些呢！,1
首先说电脑是正品行货，一切序列号都对上。再说卖家服务很有耐心有问必答，让卖家帮助装双系统又装了几款设计软件，总之一切满意！让悬挂的心落下了，满意！满意！,1
首先我要批评一下客服，客服不理人，而且还给我少发了三样东西你们知道吗，我本来是想着算了，反正也不贵，我就问了一下客服结果她让我拍照，然后我就拍照了我发他，可是他竟然就不回复了，可能客服是个机器吧，唉算了算了，刚刚说过他家好，结果就这样，真的是，不想说话，好心累，算了还是给你们一个好评吧,1
首先整体好评。  双十一晚上购买的机子，第二天清晨就到手。包装也如描述一样牛皮纸、纸箱都是密封。  接下来就很坎坷了&mdash;&mdash;我当天打开电脑，激活到一半，突然跳出一个输入密码的界面，显示为setup user，我一脸懵逼，这个现象我到网上查都没有原因的。我只好重启，然后重新进入激活界面。  不巧的是，激活了之后，又登录不上苹果id，搞了半天，（这个有很多人都有，是官方问题）。  从购买到现在已经10多天了，几乎要自动收货，我才到网上查询到序列号激活信息，真是一声叹息。  好在机子试用感受不错，电池循环和硬件信息都没有问题，所以我一直在等序列号能查到保修就行。现在既然终于查到了，好评还是会给的，真的很实惠。  客服回复还算及时，点赞。  还是可以入手的，序列号显示的保修没问题，我就觉得没事。顺便，touch bar体验满分。,1
数量不够，还有烂的，还有没球的,1
双十二购买，试用至今，还未出现问题。,1
双十一涨了500??,1
爽,1
水枪很不错,1
顺便给二宝买个小玩具玩,1
顺丰陆运送货快，包的特别严实！开封体验很棒，官网查验序列码是未激活正品无疑。MacBook Pro 银色也太美了吧～感谢卖家配件都贴心给我选择同色系，非常配套。已经使用一天，体验感相当惊艳，工作效率翻倍，不愧是以设计为主导的产品，一点一滴的小细节让你体会到它的好用，使用两天，感觉真的非常棒！苹果产品的确物有所值！商家的产品和服务也非常好！开机的全过程都有视频观看。很贴心和放心！推荐大家购买到这购买！,1
顺丰速度很大，电脑包装很扎实，取出电脑后根据步骤查验真实性，结果完全没问题，是正品，外观也没有划痕，暗斑之类的破损，很完美，就是冬天用起来太冰了，哈哈。,1
说几个遇到的问题，指纹解锁按键在轻触未按下去的时候有松动和响声，联系了客服说正常的但是我官网买的和线下体验店里的都是紧的，可能是我运气不好吧；唤醒需要2秒到4秒左右才亮，调整数值后稳定在2秒左右还可以，后续客服回复也挺及时的；刚到的时候查了GSX是大恒jituan的货，外包装上对照撕掉后还剩下的字也能看出是大恒，电话支持这点后续和苹果客服联系后显示正常了，其他也没什么问题还是比较满意的。,1
说实在第一次在网上买这么贵的东西，从去年想买mac电脑，找了网上销量top5前后左右对比??咨询客服过程中，感觉这家比较靠谱、放心！但是我还是没有直接从网上直接下单，后找到苹果家园办公室，了解交流半天才下单上门提货，后面安装软件客户也很有耐心、热情??，在此表示??&hellip;&hellip;值得信赖的店铺！,1
送货很快，卖家服务态度也很好，产品总体满意，就是到手之后感觉买13寸的有点小了，生产力工具还是要买15寸的,1
送人的 不是第一次买了 放心,1
送小朋友的,1
速度非常快，而且还有送一些额外的配件，价格比国行便宜很多，最重要是真的真的。,1
速度块  屏幕艳丽   唯一不足是工程软件没更新到4k  需要一段时间适应,1
速度快的飞起！！！查过保修了确认国行原封无误！老店铺果然放心,1
塑料拉手，,1
算可以吧,1
算起来有五年没有更新过笔记本了，iMac 也是三年前的机型了。速度确实提升明显。。。又在考虑5K 外接显示器了。。。配件买了一千多了，真是一换就换一套啊,1
虽然是第一次买的Mac，但自己已经是Mac的重度使用者，平时开发需要用虚拟机，并且也算是发烧友，所以买了定制版，对高配的内存和硬盘加了一倍。因为自己买的转换器还没有到，所以晚上都是用触摸板在操作，就已经熟悉了所有的操作，感觉很顺畅。电脑是国行并且未拆封，软件和系统都自己调整，又将会陪伴着我无数个日日夜夜。,1
随机的不适合女儿！,1
所有的小玩具宝贝都很喜欢，就这个回来不到一分钟，玩坏了,1
他说他结婚了，是因为家里的催促。 她说她结婚了，是因为他有车有房。 他说他结婚了，是因为年纪到了。 她说她结婚了，是因为家里介绍。 他说他结婚了，是因为有了孩子。 如果有一天我结婚了， 我只希望--- 那是因为爱情&hellip;,1
太棒了吧。发货快，,1
太次了，这个，还不如一个硬纸板结实，软趴趴的，泡沫纸，稍微一用力就烂掉，孩子玩了不到十分钟废了,1
太小，实体店一个大的才4块钱,1
太有意思了回来宝贝对着我玩吓我我一跳哈哈,1
淘宝几年才知道原来评论85个字才会有积分。所以从今天到以后，这段话走到哪里就会复制到哪里。首先要保证质量啊，东西不赖啊。不然就用别的话来评论了。不知道这样子够不够85字。谢谢老板的认真检查。东西特别好，我不是刷评论的，我是觉得东西好我才买的，你会发现我每一家都是这么写的。因为复制一下就好了。,1
淘宝下单去实体店自提的，卖家非常有耐心帮忙解答相关问题，暂时没有太大问题。唯一就是序列号查出的配置和电脑硬件配置不一样，不知道是不是定制机的原因，待验证。用一段时间再来评价,1
特别棒 手感特别好 用了超级爽,1
特别搞笑一款。很黏住墙壁。特别赞赞赞赞,1
特别漂亮的鸡毛毽子，颜色很鲜艳，孩子很喜欢,1
特别喜欢，是正品，特满意。,1
特别喜欢的,1
特别喜欢的~,1
特地用了几天才来评价的，很不错的卖家以后有需要还会来买，机器完美，发货速度也快。,1
特意买了两个好和我家孩子一起玩，我俩玩的可开心了哈哈,1
体验还不错，店家也挺到位的，好评。,1
跳不起来,1
跳一跳很好玩，我都跳不起来，还是闺女教给我的,1
挺不错的，还是被震撼到了，工艺品一样,1
挺不错的，就是价格一周跌了三百，心疼中。。。早买早享受吧～,1
挺不错的，客服也很热情，好评,1
挺好,1
挺好，宝宝玩耍,1
挺好，没问题，使用中，没发票,1
挺好。去年帮LP在这家买了一个17款13寸的，今年给自己买个15寸。我对比了好久，最后得出结论，Apple的产品真是全线涨价啊，只买得起低配的，果真穷都是自己的错。开机后就给系统升了级，关机后重来就出现了启动错误，吓得我一比，后来还好搞定了。,1
挺好??，纸也挺厚的，小孩喜欢，里面的内容挺新，都是小孩平时看的动画片里的人物,1
挺好的,1
挺好的 。拆箱视频很详细。目前用下来没有故障。希望后期的售后保修也没有问题。,1
挺好的 很清楚,1
挺好的 就是电池这续航 一直用的话五个小时就没了&hellip;,1
挺好的，宝宝很喜欢玩这个呢,1
挺好的，查了是正品，刚开始我男朋友还一直担心，各种查才放下心来,1
挺好的，还不错。,1
挺好的，孩子很喜欢,1
挺好的，好玩,1
挺好的，很喜欢，老板帮忙装了办公软件，超级喜欢,1
挺好的，就是待机后唤醒屏幕有时候会有花屏。不知道是不是普遍现象。,1
挺好的，就是顺丰现在也不给力了，以前都是次日达的,1
挺好的，就是竹蜻蜓绿色的飞不起来！,1
挺好的，满意，就是感觉好容易发烫啊,1
挺好的，物流快,1
挺好的，用来开发看看电影不错的选择，可以开始吃土了,1
挺好的。原装无拆,1
挺好的吧，买的最低配，对于我这样低需求的用户，挺不错的，散热一般，屏幕开到最亮，会很烫。其余倒没什么，之前没有用过，上手挺容易的，人机交互很好，音质很赞！触控板很赞！送的鼠标垫没有要，自提减三十，当天忘记了，后面也补了，好评！,1
挺好的满意满意,1
挺好的暂时没发现啥问题,1
挺好的正品～,1
挺好玩的，但是到家没五分钟，就让我儿子扯坏了。。,1
挺好玩儿的,1
挺亮，小孩玩有点刺眼,1
挺满意的，当天就发货了，第二天收到，国行正品，体验也非常好,1
挺有意思的,1
同城的选择了邮寄，第二天上午就收到了，迫不及待的打开来看看，程序员的第一款mac希望能用久一点，攒钱买ac。,1
同城速递，送货hin快。 这屏幕看4k电影贼 hi,1
同事推荐的，价格公道。全新机，购买前店家还会细心问你是否要预装常用软件等，还会发开箱视频到邮箱。细节各方面都做得很好，是原封无疑！终于不用开个ps或ai，调节位置都要卡好久了，大大提高了工作效率，很推荐！！！,1
同事推荐的，卖家服务非常好！！有问题都耐心回答，遇到电子产品就头大！卖家都一一帮忙解答了，非常愉快的购物，很放心,1
同事推荐的这家店，刚开始很犹豫，一直在问老板，感谢老板不厌其烦的解答，虽然比同事买的时候贵了几百块钱，但还是比官网和京东便宜很多，刚拿到电脑就去官网上通过序列号验过了，电池循环次数也都没问题，我相信是正品。喜欢~,1
童年的回忆,1
童年的回忆，满满的都是爱,1
童年回忆,1
头一次在网上购买贵重物品，很满意，包装结实，验证后是正品，服务也很到位。,1
图案很可爱，有好几张，给小孩子涂适合,1
完美,1
完美！,1
完美！！物流很快，是国行正品无误！！！银色真的太漂亮了！！！非常期待接下来的使用了！！,1
完美，第一次买苹果的产品！看着就特别喜欢。,1
完美。五星好评。,1
完美行货，激活时间/电话、保修日期全部正常，第一次用这么奢侈的电脑，心里有点小激动??，巨硬带来的习惯的转变估计要一段时间了,1
完美无暇 下次还会来的,1
玩具不怎么样，坏的，客服退了钱,1
玩具很精致，适合夜市卖,1
玩具拿回家后，孩子玩的爱不释手,1
玩玩还可以,1
玩一会儿就坏了,1
玩着不错,1
万花丛中选中你，好评,1
网上下的单，去实体店拿的，感觉很不错，用了几次手感非常好。,1
忘了确认收货，卖家非常好，东西很不错,1
未拆封的，正品没毛病，价格便宜，服务没的说，不充电的的时候没发热！屏幕喇叭都没毛病，良心卖家，以后还会光顾！,1
味道比较大,1
问客服不理,1
我不做假评论。我是在双十一之前订的，11.8上门自提，价格很美丽，比港版和美版都便宜，唯一的缺点就是，***卡和花呗都要多加1个点，我没刷。本本是国行，开机激活，我查了一下，一年保修。自提减20元，当场开箱，服务很好，很专业也很耐心，还等我们了一会儿，害他们都晚下班了。买本本，还送了小赠品，一个毛毡布的套子，一个键盘膜，一个鼠标垫。我加了40元，贴了屏幕膜。自提的地点，在徐家汇地铁站附近的一个商务楼里。,1
我家儿子玩的挺欢的,1
我觉得还可以，原封，很*，就是这个感觉！,1
我买的这款比其他店要贵一些(买的时候不知道，买完浏览其他店铺才发现。。。) 好在官网查询确认原封未激活 电池循环次数2 电脑也没什么瑕疵 相比官网优惠太多了 现在只希望苹果的质量给力 能多用几年?? 码农路漫漫 以后就他陪我了！,1
我是我们村第一个网购的人。我们这里大部分人都用小灵通，只有村长家有一部诺基亚智能手机。当听说我要网购的时候，整个村子都震惊了，村长跑到我家对我爸说你儿子是不是疯了，媳妇也和我闹离婚这日子还过不过了，面对着重重的压力，我还是选择了在淘宝上网购，我相信这半年的工资不会白花。终于快递小哥穿着那红色的制服出现了， 小哥就像下达圣旨说你的快递到了，从县城来到这里用了10天！小哥泛着成功泪花眼神的注视下，我颤抖的手打开包裹，那一刹那我感觉我的眼放金光了！啊哦my god!此物只应天上有，人间哪得见几回！太激动了！这几个月所承受来自村长、村民、爸妈和老婆的压力，现在都解脱了！呜呜呜！！！,1
我是足球?战队长,1
我想说真的第一次购物这么不愉快！  各种问题都出现，然后到现在电脑到手一个星期。它还不能正常使用,1
我选的这一款是2018款i7CPU，然后硬盘选了500GB SSD，其他配置保持不变。电脑包装王好无损。查询序列号等也是五码合一。本来还想去香港人肉买一台。结果无意中看到这一家苹果店。价格算下来比去香港买还要优惠一些。真的是太棒了。买苹果的产品以后首选就是这一家了。,1
我也是怀着忐忑的心在淘宝买这么贵的东西，但商家和其他买家的评论给了我很大的信心。首先也是最重要的，反复查验过序列号和激活状态，机器是原装正品。快递小哥是抱在怀里送过来的，很贴心。开箱的感觉是很微妙的，哈哈  店家的服务很到位，改天有空再装软件吧,1
我一般不评论的，但是这次买Mac一定要评论一下。电话验证，五码合一，电池循环次数0，确认是正品。Mac用起来也很顺手。店铺实在是良心啊，??！,1
五星好评，客服服务态度好，产品也好，之前手机买的质量也是杠杠的，下次有需要再来,1
物流很快,1
物流很快 性价比高,1
物流很快，顺丰不到两天，客服服务很细心，也很耐心，帮我回答问题，给个赞,1
物流很快，一打开儿子就爱不释手了，比较喜欢比较满意，物超所值,1
物流神速服务一流给全五星好评,1
物流速度很快！,1
物美价廉，满意,1
物品用了几天很好我很喜欢,1
物有所值。,1
习惯性好评 不是特别满意 真的怀疑是不是翻新 一开始机子噪音问题 点开音乐 整台机子滋滋滋响 客服让我更新系统 更新完 发现机子运行效率变慢 自己是做摄影一类的 ps Ar半个小时就烫的不行 有点失望但是客服的服务态度还是不错的 机子也漂亮。,1
习惯性好评，收到就坏了一个，客服也不回话，虽说不值钱的小玩意，只是心里不舒服,1
喜欢   哈哈哈  质量挺好,1
系统默认评论,1
下单六个3*2重复,1
下单之前担心考虑了很久，抱着试一试的心态下单，苹果原装牛皮纸箱未拆封，装笔记本的透明膜也是全新。  本子非常满意，无瑕疵，电池循环1次，百分百靠谱全新国行正品。，准备再在这里购入Applecare。,1
下午一点拍的商品，通过闪送在下雨的情况下不到两个小时送到浦东市郊，快递速度很快，师傅很和气，辛苦送货师傅了。今天一直有事，没来得及拆宝贝，情况特殊晚间又回了趟公司有事，因为办公需要十一点拆机后厚着脸皮联系客服，没想到客服还在，并且不厌其烦一步一步指导操作，帮我解了燃眉之急，谢谢，谢谢，真的辛苦了。宝贝办公很合适，千言万语都在感谢当中，良心的店铺，踏实的客服，没道理多次购买不选择这家店铺。,1
先好评吧，就是编译代码的时候风扇呼呼的&hellip;,1
闲来无聊玩一玩。。。。。。,1
现场取货，真家伙,1
相当不错，非常喜欢，完美，以后再选苹果就他家了！,1
相当惊艳，包装严实，原装正品，电池循环3次，卖家还送了礼品，值得称赞的购物体验。,1
像是在开玩笑！??,1
小，超级小，比你想象的小太多,1
小宝贝很好，又便宜。用来做小朋友的奖励，实在是太好了。,1
小宝超喜欢的，爱不释手。,1
小东西很好，也很便宜买回来儿子很喜欢,1
小孩喜欢玩，,1
小孩子很喜欢,1
小孩最喜欢玩这个下蛋鸡,1
小号的鸡，一个正常，另一个叫的声音不响，反正是便宜货，也就算了,1
小家伙说买少了，还要买,1
小件小件的东西很便宜，可以给生活中带来一些方便。,1
小青蛙不跑也不蹦,1
小青蛙很可爱??不错。挺好玩的,1
小玩具，宝宝喜欢,1
小玩具，小孩也喜欢，给好评。,1
小玩具而已，孩子还是很喜欢的,1
小玩意哄小孩子最合适了,1
小物件很实用，质量也不错。除了物流慢点，其他的也没啥可好说的。,1
小小的 就是味道大了点 声音还是挺搞笑的,1
小小的两块，还没打开，貌似不是很喜欢拼图,1
小丫头一拿到手就开始玩,1
小鸭还不错，宝宝喜欢,1
效果比我现象得要好用一些 还没有用来修图 后面在看看效果 先好评一个,1
谢谢送的内胆包！电脑很好！,1
性价比超高！不错！宝宝喜欢&hellip;&hellip;,1
性价比高 质量没问题，值得购买 用了几天确定没问题的大家放心购买。,1
选了好几家最终还是选了苹果家园，收到特意用了几天才来评价的，主要是用来工作，原封正品，是我喜欢的颜色，包装很好，顺丰发货，满意！,1
丫头说太大，我让她戴大拇指上，她说这应该戴无名指上,1
鸭子后悔没有买个大一点的。等下再去看看买个大一点的。,1
颜色不好看,1
验证激活，完全无忧。老板很耐心，电脑也很好。,1
要求原封发货的，收到货专门验货，的确没问题，香气扑鼻，赞赞赞,1
要用力吹,1
一般，小孩不怎么爱玩。为了买肥皂盒凑数。,1
一本五张，但是纸质不是很好，送的颜色不配套，咨询店家，店家反应说无所谓????????宝宝涂色，估计熊大是要哭的(&acute;;;`),1
一大顿小东西，十来块，还包邮，果断收藏本店，性价比太高了！！！,1
一分价钱一分货,1
一分钱一分货,1
一分钱一分货，,1
一分钱一分货，还好还好还好还好哈哈还好还好哈哈还好还好还好还好哈哈还好还好还好还好还好还好哈哈还好还好还好还好哈哈哈哈哈还好还好还好还好哈哈还好还好还好还好还好还好哈哈还好还好,1
一分钱一分货。,1
一份价钱一分货，质量真是太一般啦。,1
一个都不少，很满意！！！物美价廉，投影灯是我喜欢的哆啦A梦,1
一口气买了好多样 全都是些实用的小东西 价格太便宜了 很划算,1
一切都挺好的，原封，使用几天了慢慢习惯系统 部落战招人 部落名字：eason 14级部落 部落标签：#LLJG098R 部落要求：高等级部落，急需要会打部落战的朋友，大量空位！可带朋友一起入驻，没有大本营等级要求。只要会打部落战！本部落部落竞赛两天积分可打满！不缺捐兵部落竞赛人员，只需部落战分子！有意愿的朋友可以申请，搜索部落标签或者名字，申请上&ldquo;百度贴吧&rdquo;即可放进来！欢迎大家加,1
"一去不复返的体验,MacBook pro在体验上没得说，工作效率大大的提高。拿到电脑后经苹果客服确定是正品行货，没什么后顾之忧。店家可是我当时买的全淘宝最低了吧，买了之后价格一直在升，感觉自己赚到了，哈哈哈哈。总结:真的很不错的一次购买体验，发货快，用了一段时间没有发现什么问题。skr skr！",1
一如既往得ok,1
一如既往得好,1
一如既往好评 第二次了,1
"已经给使用两天，全新原封国行。犹豫了一周多，综合对比了很多店，第一，我是被价钱吸引的，本来各家差不了多少百十块的差距。第二,我被这家店铺的文案吸引了，莫名的觉得他们家就是靠谱。果然也没让我失望。果断入手，没买几天果然又降价了。但是老板提前就跟我说了，早买早享受。??????",1
已经迫不及待的贴膜了～电池循环为1次～非常满意！,1
已经用上了，原封，帮贴的膜也非常好。比我的2012款快多了。顺丰一天到货，好评！,1
已验证过，是全新国行，运输毫无任何破损，此次购物很顺利，下次再光顾,1
已用几天没什么问题，挺不错的,1
以前在天猫淘宝上买东西，都是系统自动好评，花了有好多好多钱，后来才知道淘宝评论得积分可以涨淘气值时，才知道评论的重要性，所以以后无论买什么东西，我都先把这段话复制粘贴下来，然后再写宝贝评论，没错，评论80个字以上就可以获得50个积分。,1
因为本仙女很懒，不想每个产品都写好评，所以特地模仿网友写下这个模板，但是这个产品无论质量还是外形都是本仙女喜欢的，如果不喜欢，本仙女收到东西会很很很很很很很很很很很很很很很很很很很很很很很很很生气，这个模板就会成为仙女喋喋不休的怨书，  自然不可能写下这个好评，给各位淘友一个参考，  本宝贝还是很积极的。一来自一位慵懒的只爱购物、不爱写评语却想换积分的仙女,1
因为本仙女很懒，不想每一件商品都一样一样地去写好评，所以特意写了这样一个评论。但是这件商品无论是质量、材质还是款式，肯定都是本仙女所中意的，如果本仙女不喜欢的话，本仙女收到货肯定是会很生气的，很气很气的那种哦。不然这个评论肯定会变成那种喋喋不休，怨气横生，怨天怨地的那种。最后当然不可能忘了给这件商品一个好评，给各位爱淘宝的宝宝们一个购物参考，这个产品还是非常值得购买的！ 祝看到这条评论的各位小仙女们永远年轻漂亮美丽大方，永远都是16岁,1
影音效果不错，使用中&hellip;&hellip;,1
应该是正品，除了有几个点漆没上好，就几个点，只是外观，还能接受吧，先给个好评，用一段时间，再来追加评价吧,1
用mac写下这句评论 系统非常流畅 做工还是行业内翘楚  卖家服务也很到位 有问必答 使用一段时间后还会来补充评价,1
用到现在没有任何问题！ 评论85个字才会有积分。所以从今天到以后，这段话走到哪里就会复制到哪里。首先要保证质量啊，东西不赖啊。不然就用别的话来评论了。不知道这样子够不够85字。谢谢老板的认真检查。东西特别好，我不是刷评论的，我是觉得东西好我才买的，你会发现我每一家都是这么写的。因为复制一下就好了。,1
用了，是正品，目前一切都好，过一段时间再评价,1
用了半个月了，机器各项参数正常，用起来很流畅，体验也很好,1
用了大概半个月，没有任何问题，挺好的，比官网便宜多了,1
用了大概有个5.6天了，也没检查什么码之类的，感觉是新的。没啥好说的，苹果用起来就是舒服工作效率被动的就提高了。,1
用了几日来评价，非常喜欢，没有遇到什么问题&hellip;&hellip;就是屏幕涂层很容易受伤???  凑个字数啦啦啦啦啦啦啦啦啦啦啦啦啦啦啦啦啦啦啦啦啦啦啦啦啦啦啦啦啦啦啦啦啦啦啦啦啦啦啦啦啦啦啦啦啦啦啦啦啦啦啦啦啦啦啦啦啦啦啦啦啦啦啦啦啦啦啦啦啦啦啦啦啦啦啦啦啦啦啦啦啦啦啦啦啦啦啦啦啦啦啦啦啦啦啦啦啦啦啦啦啦啦啦啦啦啦啦啦啦啦啦啦啦啦啦啦啦啦啦啦啦啦啦啦啦啦啦啦啦啦啦啦啦啦啦啦啦啦啦啦啦啦啦啦啦啦啦啦啦啦,1
用了几天，很好用，是正品来的,1
用了几天，没啥问题，继续用用观察看看，用的来说还不错。,1
用了几天才来评价，是正品无疑了，而且店家还特意问了要不要装常用的软件，音响效果也是不错的,1
用了几天才来确认&hellip;&hellip;真是各种满意对于我这个完美主义者来说。唯一遗憾就是我关注后到决定下手时涨价了&hellip;&hellip;但考虑到最近几年苹果的品控，希望接下来不要出什么问题&hellip;&hellip;,1
用了几天还不错??，客服态度也不错，下次买还会再来,1
用了几天还可以 就是背面有个小瑕疵 总体还行吧,1
用了几天来评价。整体无可挑剔。但依然有些问题，外接显示器的时候，touchbar上面部分发热严重。外接显示器后，偶尔会出现Wi-Fi连接正常，但是没有网络的情况，拔掉显示器就好了，据说是频段的问题？。卖家还是很好的。,1
用了几天来评价的，客服不错，回复很积极，为客户考虑也很周全，提醒配件系统方面的需求让客户选择；快递不错，顺丰速度快，服务好，送货上门当面签收；机器验证全新正品，电池循环一次，大气美观，实用方便；成功激活并问客服要了教程自己装了双系统，目前一切正常。选了很久选中这家店，老店真心不错，物美价廉，质量信誉保证,1
用了几天来评价的，应该是正品，目前没发现问题，机身基本不怎么发热,1
用了将近10天了 很惬意 正品 划算,1
用了快十天左右，也找人看了看，确实目前没什么问题，比较满意,1
用了快一个月，目前没啥问题，应该是正品,1
用了两个星期了吧 从刚开始买就一直很担心。后来到了各种都查了完全没问题 卖家送的鼠标垫和键盘膜算是最好的了 我买了很多其他配件也送了 但都不太好 以后买苹果产品会继续来这家店买吧,1
用了两天，是正品,1
用了两周了&hellip;&hellip;没任何问题&hellip;&hellip;之前担心确实多余&hellip;&hellip;商家服务很不错哦&hellip;&hellip;大家可以放心买了,1
用了两周了，系统也自动收货了。整体非常好。就是感觉18款的电池不耐用。电脑都挺好的，从来未听到过风扇声音，发货也挺快的。我也是从另一个店铺购买三周未发货退货后，在苹果家园购买的，使用两周没有出现死机，垃圾情况。,1
用了蛮久才过来评价，宝贝是正品，收到后打了苹果官方电话进行咨询确认。非常棒，我是同事在这家店买了推荐我的。不错不错！很棒！,1
用了三周左右才来评论，没有发现什么瑕疵，遇到过一次开盖花屏，合上之后再打开就没有了，看了论坛普遍反应都有小概率发生这个现象，就没太在意了，还是很满意的，DELL 的DA200扩展坞竟然也能用,1
用了十几天才来评价的，是正品，外观很好看，速度也不错。还送了键盘膜，很实用。希望给以后剪片子带来方便。,1
用了一段时间 真的很不错。苹果的系统确实做得好 秒杀其他 用习惯了以后真的很方便,1
用了一段时间才来评价，东西是正品，客服服务很尽责，时时刻刻随时回答问题。店家帮忙安装了Office，新学期新电脑使用感十分棒啦！,1
用了一段时间才来评价，机器应该是全新的没有问题，一开始还有点担心，但是想了想，反正对的上码，然后是苹果承认的保修，就可以了吧,1
用了一段时间才来评价。机子很正！继续使用感受中。,1
用了一段时间才来评论的，挺好的,1
用了一段时间了 没啥问题,1
用了一段时间没啥问题，原封正品。客服服务很好,1
用了一段时间没什么毛病，正宗国行正品。上海本地买完两个小时内就到手了。,1
用了一个多星期，谈谈自己的使用感受，第一次使用mac系统，收到货查询是正品，各种码都对得上。全新未拆封。客服都比较好说话，问什么都愿意回答。,1
用了一个多星期才过来评价，电脑还是很nice的，比实体店买少花了小三千，全新原封，查了一下是正品，使用过程中有一些不懂得小问题店家也很热心的帮忙解决了。很满意,1
用了一天了，电脑真心不错，一点都不卡，重量也挺轻的，超赞??,1
用了一周来评论的，东西是正版，没问题，值得信赖??,1
用了一周再来评价，真的很棒！店家服务也很耐心，机器检查过没问题。简直完美,1
用起来很流畅，原封发过来的，全新，五星好评,1
用起来是正品，唯一不足的是续航能力有点差。,1
用着还不错,1
用着还不错，挺流畅,1
犹豫了一天买了、做了双系统后邮来的、有拆箱视频、装了常用软件、服务非常周到、值得信赖、可以到官网验证～,1
有点迟钝！,1
有点次 塑料表面很粗糙 容易刮伤,1
有几样真是太小了   都没办法玩   就这样吧,1
有三分之一不响的，剩下的只有对半声音小的。,1
有史以来最棒的店家，以后买电脑就来你家！谢谢,1
有瑕疵，退款了总体不错,1
有用了几天时间了，再开封之前，我就在网上查了各种验货方法，包括原封封条，封膜气孔，是否五码合一等等。然后这几天用起来没有任何毛病，外观瑕疵也没有，可能我人品比较好，哈哈哈！毕竟那么贵的东西，不下心一点不行啊！ 推荐大家购买！,1
又来光顾了些小玩艺，还是十分美，着实爱不释手，价格又好！,1
羽毛键子很漂亮。还买了其他很多小东西非常实用。,1
原封 价格 服务 都是一流 老板人非常好还送东西 超级给力 下次高考 超一流水准的体验 如果下次嫩当日就发货就更棒了 五星好评,1
原封！其它的还用说吗？,1
原封，可以的。,1
原封的电脑 很不错,1
原封行货，不错,1
原封完美，除了定制版本发到货速度比较慢以外没有任何问题。非常赞的商家,1
原封无误，闪送很快，就是临近双十一Applecare注册太慢了,1
原封真的 东西很好,1
原封正品 电池循环一次 激活后查询保修是一年 装了win10除了发热稍大其他正常 售前人员专业 给点个赞,1
原封正品，非常棒！,1
原装产品，诚信卖家,1
原装全新正品，可以放心购买！,1
"原装正品国行，没有选错,以后苹果产品定点这家了！",1
运行完美 不发热,1
运转正常  暂未出现什么问题  若有问题  定去砸店,1
在店里买的装机，服务非常好。以后还会光顾。,1
在商家买了很多小东西，都很值，很多次购买了,1
在他家买的第三台了，机器全新牛皮箱子原封，一如既往的放心，大家放心购买不要虚！！！,1
在这家买了好几次了，确实是苹果官方原封，很多同事都让我帮他们代买，物美价廉,1
暂时没毛病,1
暂时没有什么问题  正品倒是正品  中途虽然发生了一些插曲  但是客服也解决了  买卖本就是你情我愿  各自安好  没挑剔就是好评  后续再追评,1
暂时没有问题，服务很耐心,1
暂时用的还不错，,1
赞 很值得购买  绝对正品 很推荐你们去购买,1
赞！超级好玩，好玩不贵，很不错,1
怎么说呢，价格是便宜，但是一分价格一分货，有的回来当天就坏了，有的凑合能用，反正凑合用可以，要是上档次就算了,1
怎么说呢，我是一个细节控，还有强迫症，如果有和我一样的人，恰好你看见我这条评价，我建议你还是考虑一下去直营店,1
赠送了颜料和笔，快递姐姐下次温柔点。,1
粘乎乎的，小丫头不喜欢，但是大丫头喜欢,1
粘手  这个不会叫,1
这个OK,1
这个宝宝喜欢,1
这个不错，毽子正经可以踢的，颜色也好看，拿着在家每天玩会儿，还是很好的,1
这个不行，全是毛刺，还有回收塑料的异味，扔了,1
这个不好,1
这个不好玩  不是那种捏一下叫的很长声音那样  就一下一下的叫,1
这个产品就是好！这里的服务就是好！这个产品就是好！这里的服务就是好！,1
这个吹不响  漏气了吧,1
这个笛子也吹不起来，青蛙也不跳！客服沟通后改为好评，就十几块钱东西也懒得退，小本生意本就不容易，相互理解吧！！！,1
这个东西真的好好用！！！！,1
这个还可以,1
这个还没玩呢，就快开个，不值个钱，算了,1
这个还挺好玩儿的,1
这个孩子玩挺好的,1
这个很好玩，买少了，回来就和孩子抢着要玩了哈哈,1
这个很好用，飞得很高,1
这个很容易坏,1
这个很有意思，小人在黑板上玩的很开心,1
这个坏了，只能拿着玩了,1
这个价格也算行了&hellip;&hellip;可以,1
这个可以。 挺好玩的,1
这个可以摆放在家里,1
这个可以做算术题，我我们用这个和孩子边学习边游戏真的太棒了,1
这个没发到，都没有这个,1
这个没什么用,1
这个没有收到，也懒得拍照了，不值钱，就是买着玩的,1
这个没有已经坏了,1
这个没有装好~不会玩了~,1
这个魔方还行吧，够大，但也几乎拧不动，特别硬，不敢使劲，怕也给拧碎了,1
这个球根本不是图片上的，关键还得自己穿线制作,1
这个勺子太响亮了，炒了我的耳朵,1
这个是盖一下一大坨墨水,1
这个是坏的,1
这个太闪了，没敢给宝宝带,1
这个挺好看的，好玩，孩子玩的不亦乐乎，值,1
这个陀螺是本次购物中最满意的了，虽然稍显粗糙，但是质量没啥问题,1
这个下蛋鸡，宝宝特别喜欢，挤出来高兴的说：看，鸡蛋！,1
这个像大巴车的喇叭   这个最好了,1
这个一般,1
这个真的太可爱了 很小 宝宝六个月拿着刚好 很好玩,1
这几天小忙，忘了确认收货，实在不好意思。早上收到货后第一时间升级OS并安装工作所需各种应用，下午电脑就正式开始投入了工作。性能强劲，屏幕绚丽，和陪伴我多年的MBP 2013比起来，轻薄了不少。TouchBar和Touch ID令工作效率大幅提升。 现在除了iMac外，我已拥有苹果Mac系列所有产品，还多少有点成就感。,1
这家超划算的～老板还帮忙装了Office ～因为不干啥不用装双系统了。电脑配上AirPods感觉超棒哈哈哈哈。超喜爱Touch Bar了??还有那个指纹解锁 老板非常耐心给我解答问题～客服态度非常好 使用感非常棒了，现在价格也挺好的,1
这家店是我精挑细选出来的，对今年的苹果电脑实在没有抵抗力了，第一次在淘宝上买这么贵的东西，服务态度和指导没得说，客服各个很有耐心，完美的装好了win系统，没办法，其实喜欢苹果系统，但是又离不开win，那就双系统吧，使用体验：完美,1
这尽然不是弹弓的，都不好打出去,1
这款电脑性价比很高，比较了很多家，还是这家最合适，质量有保障，正品！,1
这款苹果笔记本很好的，这样的价位买到的确实不赖,1
这是宝宝最喜欢玩的,1
这是我淘宝买最贵的机器了，不错，全新的，没问题,1
这是一次完美的网购，购买后的第二天就出来新版本了，我想没人有我如何的聪明了吧！  这个触摸板与键盘之间为什么有比较大的缝隙，稍为影响美观，难道是为了散热？不至于吧，用手按会有轻微的反弹。。。。,1
这是一个好模版，因为本仙女很懒，不想每个产品都去写评价。所以呢，特地模仿一位网友写下了这个模版，但是这个产品无论质量还是外形都是本仙女喜欢的，如果不喜欢这个东西，本仙女就会很生气，然后这个模版就会变成仙女喋喋不休的抱怨，自然不能写下这个好评，这里写下，也给各位淘友一个参考，这个东西还是很值得购买的。来自一位懒惰的只爱购物不爱写评语却想换积分的仙女。,1
"这是一个好评模版质量非常好，与卖家描述的完全一致，非常满意,真的很喜欢，完全超出期望值，发货速度非常快，包装非常仔细、严实，物流公司服务态度很好，运送速度很快，很满意的一次购物",1
这些小东西瞒好玩，价廉物美，对得起价格，满意的购物，会再来。,1
这也是一个小玩具，没什么可说的,1
真的很好 精挑细选 最后还是购买这家店的 放心 真的不错 做工一流 第一次用苹果 性能真的很好,1
真的很满意一次购买体验，是正品又好，下次有需求还会再来购买，强烈推荐给朋友,1
真的是赚大发了，这个价格能买到正品，绝对不是翻新机。有开箱视频，还专门让装了双系统。而且我是使用了一周才来评价的。非常好用。客户也很有耐心，非常愉快的购物体验。以后苹果的产品就在这家买了。,1
真的真的真的很不错,1
真心不错，用了这么多年win，正在学习转换中，全新机，价格还这么实惠，感谢苹果家园！,1
真正的原封原装，价格也还可以比美国买还划算，没有搞什么评价返现金这个要好评,1
整体还可以，屏幕感觉没有我以前用的好，不知道屏幕是不是换过,1
正版国行！已经各种方法验机，都是正品！ 选择这家果然放心！,1
正派行货，非常好的卖家，服务热情耐心！,1
正品,1
正品 很满意,1
正品，比官网便宜很多。值得购买，推荐。客服也很耐心，晚上11点过也耐心回答。特别好。,1
正品，不错,1
正品，不错，双系统，有开机视频。放心购买！,1
正品，操作系统还需适应，卖家提供了很多设计类软件，非常棒！！！,1
正品，打电话确认过，保险也确认过。用了几天非常不错！因为同城 店家还送了闪送 1个小时就到货了，棒！,1
正品，大家可以放心购买！,1
正品，非常不错，多次购买了,1
正品，好机，跟老板要过好多货了，很放心，以后电脑能走航空就好了，物流有点慢 其他完美，祝店家生意兴隆 ！！,1
正品，价格便宜，质量很好。用了一段时间才评价的。非常好,1
正品，没毛病，就是外接转换器会出现网不好的情况！估计是Mac的通病！,1
正品，确实很不错,1
正品，挺不错的,1
正品，性能没得说，第一次用mac还有待适应,1
正品，真的很好用，太赞了(&bull;??&bull;?)? ??，卖家也非常好,1
正品。女朋友非常喜欢。完美。,1
正品吧，也没查验，用起来很棒，很喜欢！店家很好，有问必答！,1
正品低价，安全专业！下次还来,1
正品好评,1
正品很好，客服也很好,1
正品苹果电脑，老板很体检客人物品，很满意，豪无损坏包装,1
正品全新无疑！非常好！店家还帮装了常用软件，送了内胆包！,1
正品无拆封，官网查了一下，保修也正常。2018款13寸定制笔记本，i7 ssd 512g，16g运存，配置挺高，价格比实体店的低多了。13寸的容易便携，编程办公娱乐都无压力，运行速度很快，总体来说这次购物挺愉快的。,1
正品无误,1
正品无误，验证没有问题，售后服务很好，有什么问题都耐心解答，特地用了几天才评价，没发现任何问题。,1
正品无疑，客户超好的,1
正品无疑，用着舒服，虽然系统还在熟悉中，但总之很棒，价格低于官方报价，但同等质量。,1
正品无疑，质量很好！  全新未拆封,1
正品无疑了，客服特别耐心的教我怎么安装个下载，超级感谢，MacBook Pro也特别好用，值得购买。,1
正在使用，后续追评,1
之前买的产品很忐忑，收到东西后，啥后顾之忧都没有了，会推荐朋友来这买，建议，能增加其他苹果设备吗，如手表，耳机之类,1
之前没有用过苹果的电脑 一开始很多就有很多问题 客服都耐心解答 电脑运行很快 买来就是打算办公的 所以内存也没有买多大 挺好的,1
值得信赖，服务周到！,1
质量不错，非常好。,1
质量不错，客服服务态度特别好，值得购买，还有些问题，客服解决的态度很好，以后有需要还来的。,1
"质量非常好，与卖家描述的完全一致，非常满意,真的很喜欢，完全超出期望值，发货速度非常快，包装非常仔细、严实，物流公司服务态度很好，运送速度很快，很满意的一次购物",1
"质量非常好,与卖家描述的完全一致,非常满意,真的很喜欢,完全超出期望值,发货速度非常快,包装非常仔细、严实,物流公司服务态度很好,运送速度很快,很满意的一次购物",1
"质量非常好，与卖家描述的完全一致，非常满意,真的很喜欢，完全超出期望值，发货速度非常快，包装非常仔细、严实，物流公司服务态度很好，运送速度很快，很满意的一次购物。",1
质量好服务态度好,1
质量很好，宝贝很喜欢,1
质量很好，满意,1
质量很好，每个商品都很好，价格也便宜,1
质量很好，物流也很快，照片和实物一样，下次还来，你家购物,1
质量很好，值得购买,1
终于收到我需要的宝贝了，东西很好，价美物廉，谢谢掌柜的！说实在，这是我淘宝购物来让我最满意的一次购物。无论是掌柜的态度还是对物品，我都非常满意的。掌柜态度很专业热情，有问必答，回复也很快，我问了不少问题，他都不觉得烦，都会认真回答我，这点我向掌柜表示由衷的敬意，这样的好掌柜可不多。再说宝贝，正是我需要的，收到的时候包装完整，打开后让我惊喜的是，宝贝比我想象中的还要好！不得不得竖起大拇指。下次需要的时候我还会再来的，,1
终于收到我需要的宝贝了，东西很好，价美物廉，谢谢掌柜的！说实在，这是我淘宝购物来让我最满意的一次购物。无论是掌柜的态度还是对物品，我都非常满意的。掌柜态度很专业热情，有问必答，回复也很快，我问了不少问题，他都不觉得烦，都会认真回答我，这点我向掌柜表示由衷的敬意，这样的好掌柜可不多。再说宝贝，正是我需要的，收到的时候包装完整，打开后让我惊喜的是，宝贝比我想象中的还要好！不得不得竖起大拇指。下次需要的时候我还会再来的，到时候麻烦掌柜给个优惠哦！,1
主要是买那个洗衣机过滤网来了，其他是凑包邮的，不过都还可以,1
转起来不顺手,1
准大学生用得很开心，哈哈。卖家服务很好。,1
自从注册了淘宝、天猫、一直就不在意淘宝币和积分怎么用，后来知道了评论的重要性，晒图的重要性，还有晒视频！家里的东西大多都是在电商购买的，以来不用出门瞎逛，而来还能免去出门的后续琐事。真的天猫超市让我越来越懒，可是有什么办法呢，天猫的东西那么好，日期很新鲜，质量有保障，物流配送快捷，买生活用品假货风险很低，买大品牌比实体店折扣低，还送购物券和津贴，对我们真是太用心了。以前都没有认真评价过，以后需要还会回顾的。,1
自己网上查过是正品，保修一年，四码合一，电池循环次数1。另外软件齐全，很赞！,1
自提 。很便捷,1
自提的，刚开始忐忑不安。验证是正品，没问题！,1
自提的。目前看着很酷炫,1
自提点很近，就选择自提的，但是我要吐槽的点是：双十一之前我问有活动吗？说还没定，让我等10号看看，等到10号一毛钱都没变，问客服，客服说：下单减20&hellip;&hellip; 我&hellip;&hellip;&hellip;&hellip;&hellip;还好自提的时候服务还挺周到的,1
总体感觉还不错吧，没去具体研究是不是未拆封这些，因为赶着用拿到手后直接就开了。  优点就是比windonws系统流畅，台机用的x99平台也没这么流畅，不会突然弹出个广告出来，不会有一堆莫名其妙的程序开机常驻，触控板完全可以替代鼠标了。  缺点 比较热，散热效果不好，键盘手感和机械键盘是两个世界，屏幕小了点，不知为何不出17的了。  好像和wacom的手绘屏配合不好，能用就是手绘板有的功能缺失了，估计程序哪里没调好。  先评价下，其他的等用一段时间再来追评,1
总体来说还行,1
总体满意，使用一段时间了，没发现任何问题,1
总体用起来还不错，散热效果一般，卖家服务态度很好，很有耐心,1
最近看淘宝评论才知道评论两百字以上会涨很多淘宝值，所以我就在备忘录里写下这一段话，以后，每次评论直接复制粘贴就可以了，反正我评论都是好评，其实不用往下面看，因为下面的话都是废话，是为了凑数用的，本人实在太懒了，不愿意每次都写评论，所以就这么段话，复制就好了。毕竟淘宝上的东西都不贵，花那个钱能买到这样的商品也算挺值得的，所以，勤俭节约，理性消费，应该有凑到两百字了吧？？？？？？？？？？,1
啊~洗衣机一洗变成了用了好久那种旧旧黑黑的,0
哎呀，没注意到，不是纯棉的，用起不习惯。,0
唉，这个毛巾擦桌子还行，洗脸还是算了,0
拔笔盖会脱出来,0
把用过的还给我寄回来，什么意思啊，里面的还是脏的，恶心,0
百世快递是我见过最垃圾的一种快递，在我以前的经历中 要么在半路丢了 要么就不知道地址在哪里  要不就给送错了地方    而且快递员说话的语气跟吃了枪药似的 以后在网上买东西的时候先问清发什么快递   拒绝百世快递,0
摆设一个，不管用，都吹不响,0
半个月都收不到的快递,0
包包都挂不住真的差评哈哈哈哈哈哈哈哈哈哈哈哈哈哈哈哈哈哈哈哈哈哈哈哈哈哈哈哈哈哈哈哈哈哈哈哈哈哈哈哈哈哈是好high地瓜好high哈哈哈哈哈哈哈哈哈哈哈哈哈哈哈哈哈哈哈哈哈哈哈哈哈哈哈哈哈哈哈哈哈哈哈哈哈哈哈哈哈哈哈哈哈哈哈哈哈哈哈哈哈哈哈哈哈哈哈哈哈哈哈哈哈哈哈哈哈哈哈哈哈哈哈哈哈哈哈哈哈哈哈哈哈哈哈哈哈哈哈会哈更会哈更1是哈哈哈哈哈哈哈哈哈哈哈哈哈哈哈哈哈哈哈哈哈hhhh哈哈哈哈哈哈哈事实哈哈哈哈哈哈哈哈哈哈哈哈哈哈哈哈哈哈哈哈哈哈哈哈哈哈哈哈哈哈哈哈哈哈哈哈哈哈哈哈哈哈哈哈哈哈哈哈,0
包装都坏了，物流太慢了,0
包装都散了,0
薄薄的质量不好，还不如市场7角钱一双的，发货非常慢，几天才发货，态度差，店铺也不诚信，不负责！,0
薄的可怜 而且不像图片只有一条大的一条小的,0
薄的一塌糊涂 为了防止商家一个劲打电话 就不差评了,0
薄了点,0
宝贝不错，买来确实上面有些小小的污点但是洗了就没有了，摸着也挺舒服的,0
宝贝都是有残的，大家购买注意，让确认收货后，在申请退款2元,0
宝贝还可以，就是味道有点不好,0
宝贝还是不行，折叠洗脸打滑，不是纯棉的产品应该，,0
宝贝很好，非常喜欢，喜欢喜欢,0
宝贝没有我以前买的质量好了,0
宝贝没有我以前那个好了,0
宝贝完全没收到好嘛,0
宝贝已经收到了，颜色没有什么差别，不是我想象要的料，d个人不是很喜欢这料，之前也在超市??也买过跟这样的料一样的，感觉这料滑溜溜的，用起来不是很贴手，吸水还可以，不过这个价钱不是很贵，价钱对这个料有不少人还是可以接受的，本人是买给宝宝用的，大是够大了，,0
宝贝已经收到了，质量没有想像中的好，一般吧,0
宝贝质量不错,0
被标题骗了，**不是纯棉的。,0
本来不想计较的，但是缺了东西客服回了一句之后就不在了，什么都不想说了，从没给过差评，第一次，真的生气。有个态度也好。,0
本来拍了五本，还好改成了两本，不然都随机成了同样的，拿来吃么,0
本来拍了五本，还好改成了两本，不然都随机成了同样的，拿来吃么？客服还随机的理直气壮,0
本以为这橡皮筋是像平时买的这种大瓶的，看到实物真的是不忍直视啊，差别那么大，大的这瓶是我自己去商品店买的，小的是卖家发过来的实物，看看对比，差那么多，真的够失望的,0
比较薄,0
比较薄，有线头,0
比较好,0
比较舒服,0
比实体店贵,0
比想象中薄,0
比想象中要薄。,0
比想像中小。。。 不吸水。,0
必须打差评，成分竟然不是全棉的《80%锦轮%20铵轮》洗脸的时候粘在脸上，搓澡的时候粘在背上这样的垃圾做拖把最好了??,0
边没有包好,0
边上都炸线了,0
便,0
便宜货不行的 不吸水 不好,0
便宜没好货！还有个洞,0
便宜没好货，买了4把扇子，全是坏的,0
便宜是便宜，少发了一样东西，问客服各种理由不回复。,0
便宜无好货,0
别买，服务态度特别差，质量特差，有坏的还不给赔,0
并不是纯棉的,0
并没有给我发到笔,0
并没有图片看上去那么好。很薄,0
不按订单发货，特别薄，没诚信！态度差！不负责！,0
不错,0
不错，挺满意的，有些好有些坏，不像他们说的那么坏,0
不错的毛巾，听说多少字可以增加积分，那我就给大家发点，经文吧！众子啊，要听父亲的教训，留心得知聪明。因我所给你们的是好教训；不可离弃我的法则（或译：指教） 。我在父亲面前为孝子，在母亲眼中为独一的娇儿。父亲教训我说：你心要存记我的言语，遵守我的命令，便得存活。要得智慧，要得聪明，不可忘记，也不可偏离我口中的言语。不可离弃智慧，智慧就护卫你；要爱她，她就保守你。智慧为首；所以，要得智慧。在你一切所得之内必得聪明 （或译：用你一切所得的去换聪明） 。高举智慧，她就使你高升；怀抱智慧，她就使你尊荣。她必将华冠加在你头上，把荣冕交给你。 (箴言 4:1-9 和合本),0
不错很软,0
不带丝边的还行，丝边特别扎人，其他的都还好,0
不多说 看图,0
不锋利,0
不符合，差评,0
不该买，洗脸都是滑的。,0
不给差评也不给好评，就这样吧，毛巾收到两天我才打开一看是这样的，客服找她也说了，将就着用吧，我还能怎么样，好不好用了才知道。,0
不够棉,0
不管多大尺码 大小都一样,0
不好,0
不好  掉毛,0
不好 很脏,0
不好，,0
不好，不柔软。,0
不好，不是棉的，还不吸水,0
不好，差,0
不好，乱跳,0
不好，骗人,0
不好，收到乱七八糟，问客服都不理，也是无语了,0
不好，谁说不掉毛的，没洗之前放腿上 腿就立刻痒了。,0
不好，质量很差,0
不好。,0
不好洗，是滑滑,0
不好用,0
不好用，,0
不好用，不吸水,0
不好用，擦不动,0
不好用，都不吸水，搽下油油的,0
不好用，挂不了什么东西。就掉了,0
不好用，特别不好用,0
不好用，吸水性不强，布料不好，用着难受，不过索性便宜，就这样吧,0
不好用，一点都不吸水,0
不好用，一分钱一分货,0
不好用。毛巾都没法擦,0
不好用。沾水之后就会都粘到一块。没办法擦拭。布料问题,0
不好这次的,0
不建议给小孩用。,0
不讲信用,0
不结实,0
不仅东西收不到，叫客户来解决，她直接就不理了？？？果真是便宜的东西不能买,0
不满意,0
不满意不满意不满意不满意不满意,0
不满意不满意不满意不满意不满意颜色,0
不满意质量一般包装有一个洞,0
不能给中评？！,0
不能拿来洗澡。。。,0
不能贪图便宜，便宜没好货，东西买回来没一个能用的,0
不能用,0
不能用。吹不响的,0
不暖,0
不容易吸水,0
不是纯棉,0
不是纯棉 有静电,0
不是纯棉的,0
不是纯棉的！,0
不是纯棉的，不吸水,0
不是纯棉的，很薄做工没法说,0
不是纯棉的，太滑，不是很好用，感觉这个价不值得,0
不是纯棉的？还能接受，快递最垃圾，还要自己去拿,0
不是很好,0
不是很好掉毛球,0
不是很好用,0
不是很厚，薄的那种,0
不是很厚，我还以为很厚呢，,0
不是很厚那款，很薄,0
不是很理想。,0
不是很满意，不好，有些失望，以前买过质量都很好，这次买发现不好，质量差,0
不是很柔软,0
不是很软,0
不是很吸水,0
不是很吸水，粘在身上不透气，不是很舒服,0
不是棉的,0
不是棉的，擦脸擦身特别不舒服，买之前没看评价，后悔了,0
不是棉的，还好吧,0
不是棉的，看了成分，说是超细纤维，涤纶锦纶。因为不是绵的，不会吸水，毛巾擦脸很干涩。和近期10条21元的抹布差不多。两个浴巾都有污渍。,0
不是棉的，洗脸不行，不过只有这点价钱,0
不是棉的质量比较差！,0
不是描述的,0
不是那么好,0
不是那么吸水,0
不是全棉的！！！,0
不是说还有东西送吗，怎么我只看见浴巾和毛巾，又是欺骗我的。东西一般,0
不是说好买一送一,0
不是说买一套送条毛巾嘛，这就一条浴巾，一条毛巾,0
不是太厚,0
不是特别好用,0
不是我想的那种不过还可以,0
不是想象的那么好,0
不是自己用的，不清楚,0
不适合洗脸,0
不适合洗脸&hellip;,0
不说话，看图就好,0
不说了,0
不太好,0
不太好，跟想象的有差别，洗过就可硬了，不柔软了,0
不太好，有色差我觉着，而且质量也不那么好,0
不太好用,0
不太理想,0
不太柔软。吸水效果不好,0
不太吸水,0
不太粘,0
不吸水,0
不吸水 贼难用 还掉毛 大家想买的再考虑考虑吧 反正浴巾是擦身上的东西 我后悔买了 就是一分钱一分货 好了  一下都是我凑字乱打的还是时尚感十足的一个人的时候就可以吗，我的号码，我们的生活方式是什么时候回来呀，我们的生活方式是什么时候回来呀，我们的生活方式是什么时候回来呀，我们的生活方式是什么时候回来呀，我们的生活方式是什么时候回来呀，我,0
不吸水，不好用，比较薄,0
不吸水，就是那种很轻，很撇的东西,0
不吸水，抹身后全身发痒    不对劲 ,0
不吸水不好用,0
不吸水就算了，还掉小毛毛,0
不洗千万不要用，我在身上披了一下，就一下，全身红疙瘩,0
不喜欢,0
不喜欢，不能洗脸只能擦干,0
不喜欢，面料不喜欢,0
不响，没切莫用,0
不想评论。。。。。。。。。,0
不想说，东西真心不好，客服也不咋滴，不管事！拍了几天不发货，退款然后就发货了,0
不想说，感觉买了一堆没用的东西，懒得退了，还少了一样,0
不要买，少发东西没人理,0
不咋滴,0
不咋样，和描述不符。有图为证，请不要贪图便宜。,0
不怎么好,0
不怎么好，掉毛,0
不怎么好，吸水性不算强而已比较难干,0
不怎么好用,0
不怎么好用，擦不干，还跟滑,0
不怎么好用，擦身子的时候不顺,0
不怎么样,0
不怎么样，料子有点薄，还没用不知道掉毛吧，,0
不怎么样，只这个价,0
不怎么样，直接掉毛，不怎么吸水。无语,0
不粘,0
不知道哪里来那么多好评，一点都不好，物流慢的好死,0
不知道啥样,0
不知道是本身破了还是用破了，这才用了没到一周。,0
不知道怎么说，毛巾洗脸不好用，吸水到是吸水，可太吸水了洗脸不行啊,0
不值,0
不值得,0
不做评价,0
布料不怎么样,0
布料一般，做工一般，,0
擦脸不好擦，只能擦擦头发和身体，，不滑。,0
才洗一次掉色很严重,0
才洗一次就脱毛 太差了,0
差,0
差 钩子都是歪的,0
差 塑料味重,0
差，起毛毛，还有些地方破了，一分钱一分货，,0
差不多，尽人意,0
差差,0
差差差,0
差差差差&hellip;&hellip;&hellip;&hellip;&hellip;&hellip;,0
差差差差差差差差差差差差差差差差差差差差差差差差差差差差差差差差差差差差差差差差差差差差差差差差差差差差差差差差差差差差差差差差差差差差差差差差差差差差差差差差差差差差差差差差差差差差差差差差差差差差差差差,0
差的一匹，我够够的，商家说话全是假的，而且极其不负责任！,0
差的一塌糊涂，虽然东西都不贵，也没买多少东西，但是东西没一个能用的，买了一个水洒吸盘根本吸不住，掉了两次把我家水洒摔坏了，筷笼不给全套。给一个透明贴，清香剂全是一个味道，还难闻。找客服没人理！太差了！,0
差劲,0
差劲 东西发错了店家也不理人,0
差评,0
差评！差评！差评！重要事情说三遍，漏发货不处理,0
差评，坏的,0
差评，码子偏小两三个码不说，问客服还说是我自己鞋子偏大，我买了这么多码子，难道我全家人的鞋子都偏大吗，态度也差一级不好。质量也不好， 跟图片相差太大了。特别薄。反正我买回来的，，鞋垫特别薄。码子不对。就当垃圾扔了是几十块钱。 拍的朋友需要谨慎。,0
差评，买了回来一洗，掉毛，而且不是棉的，不吸水,0
差评，请大家不要看广告价格买鞋垫，那个价格是假的，点开就知道了，满满的套路,0
差评，一点也不好，都不是棉的，都是骗人的！,0
差评，质量超级差，打开看了一下，掉了一身毛毛，这能用么？真的是最差的一次网购，感觉不值,0
差评给快递的。快递员嘛态度？嗷嗷的？欠你家钱啊？,0
拆开就这么脏。,0
产品超级垃圾,0
产品很满意！物流也很快！,0
超薄,0
超级薄。不敢用,0
超级不好  不建议购买,0
超级差,0
超级差，,0
超级差评。真是便宜没好货。暖宝宝是假的直接不热乎 别的东西也都啥也不说了 真是垃圾 全扔了 真恶心。,0
超级垃圾,0
超级垃圾 也是没谁了  千万别买,0
超级垃圾，超级垃圾,0
超级小,0
超级小，孩子会不会吃了，太小了,0
尺寸不符,0
尺码不对,0
冲着买一送一来的，还以为有4条，图片写是误导人，摆着个4条的图片，文字就来一条浴巾和毛巾，还以为买一送一就各2条，收到就失望了，还以为这么划算,0
出水是斜的，建议不要买,0
除,0
除了短其他都好,0
除了运输时间长了点，其他的还好，毛巾挺不错的??。就是花了我一个星期才拿到的,0
处理不妥当 漏货 态度不好 让退个没发货的钱还事多 清是不想说一点话了,0
吹不响,0
此毛巾特别不好，商家应该是什么面料就写什么面料，广告比全棉柔软什么，根本不可能的，其实是纤维和锦纶的，他们没写清楚，让人以为双11是特价，让人上当受骗，我买了后悔了，一点都不好，特告大家要提高不要让商家蒙住自己的眼睛，以免上当。,0
次品，脏的要死！洗都洗不掉，千万别买,0
次品太多,0
从包装盒子里拿出来就不会响的,0
从未给中差评，这次真的是让我很失望，货发重了不说，还发错了，找客服还振振有词，感觉好像是我错了似的，真的很无语，很失败的一次网购！,0
凑合,0
凑合吧毕竟19元,0
打开包装，里面有一个的包装已经破了是这样子的,0
打开就掉毛,0
打开就这样，不止一个地方挂线，之前买的也没有，不舒服,0
打开以后竟然有换的,0
打开之后发现上面有很多其他颜色的小毛毛，而且浴巾还破了一个洞。,0
大的还好 小毛巾上面有像油的点 看起有点脏,0
大家自己看看吧，我上当了,0
大毛巾收到了，跟图片上的还是有差别的，薄薄的，而且容易脏,0
大小尺寸都还好  就是擦脸的毛巾擦脸有点没有其他毛巾舒服,0
带花边不好,0
到了就是脏的，我问他收到这样的她心里会好受不，会怎么办，就不理人了,0
的,0
灯不亮,0
等了四天的浴巾 一拆开就有四五个黑点 好恶心 翻看了一下评论 发现很多人都遇到这种情况 客服回复都是没检查好 话都是复制粘贴来的 可见他家对这种情况见怪不怪了 退货让出邮费10元 就不理人了 这个店家太黑心了 昧着良心赚钱 以后网上购物要长心眼了 多看看评价和评分 他家评分真的好低 我当然也要对之后的消费者负责 客观的给一个一星差评 不退货了 我就当花20块买了袋垃圾吧！祝垃圾店家关门大吉 不谢！,0
第二次购买，很好用，下次还会再买,0
第二次买，质量完全不一样，一模就知道,0
第二次买了，卖家把红蓝毛巾数量都搞错了，麻烦以后尊重一下回头客，盒子也不少钱,0
第一次还不错，第二次质量很差，不吸水,0
第一次买到洗脸帕放到脸上就不动的，很神奇，值得好评,0
第一次遇到这种卖家，自己卖的东西坏了，找他态度恶劣还骂人，劝大家慎重。世界之大无奇不有。卖家的东西以及态度都让我只想给差评，第一次给差评。,0
店家不理人 退货还拒收的大家还是换一家吧,0
店家B度差,0
店铺超级差！！！！！！！差劲！！！！！！,0
掉了一地的毛,0
掉毛,0
掉毛   我只能说掉毛,0
掉毛  啥玩意啊,0
掉毛  严重   一擦浑身小白毛   白洗澡澡了????擦身体乳的时候  要再搓一下   哦哈哈哈哈哈  太气人了,0
掉毛 掉球 非常严重,0
掉毛！！！粘了一身,0
掉毛！？？,0
掉毛&hellip;&hellip;,0
掉毛，擦头发时都是毛,0
掉毛，掉毛，,0
掉毛，其他还行,0
掉毛，洗了掉色,0
掉毛，洗完澡擦了一下一身毛,0
掉毛啊,0
掉毛超级严重，质量不行,0
掉毛很严重,0
掉毛就有点过分了,0
掉毛毛  刚收到货  围在身上比了一下 结果整了一衣服,0
掉毛毛。,0
掉毛特别严重，哪来擦头发都是掉的毛毛，很烦！做工一般，我买的是蕾丝边的，特别扎皮肤，特别不舒服，边缘的包边也是有些硬度，扎皮肤！,0
掉毛挺厉害的,0
掉毛严重,0
掉毛严重！很不好！,0
掉毛严重，抖一抖毛巾掉很多毛,0
掉球球,0
掉色,0
掉色的，只想说很差,0
掉色也太厉害,0
掉一身毛,0
掉渣,0
掉渣，其他都还满意,0
东西便宜，好用，质量不怎么地,0
东西不错，物流不给力，第一次收货等了4天的,0
东西不给发还不退款,0
东西不好，物流服务挺好,0
东西不好啊，不吸水，质量差！大家留意,0
东西到了一两天了没人通知,0
东西都不能用，客服也是好几天不回话，包裹也是烂的，就当我倒霉吧。,0
东西发错,0
东西还不错,0
东西还不错，就是有一点不在我的期待里,0
东西还行，就是物流太慢了,0
东西还行，就是物流一言难尽,0
东西还行，没有想象的好。,0
东西还好，快递差评,0
东西还可以,0
东西还可以，快递差评，,0
东西还算满意，物流不给力，态度差，不给送就不给送吧。我让他给我送到中通快递点。他告诉我，中通快递点黄了，关门了。建议大家以后不要用了。刚刚是百事汇通的配送,0
东西很好，快递太不负责任了刚自己去拿,0
东西很好，物流很差，等了很久,0
东西很小也很少,0
东西就那样，买的东西多，坏了烂了质量不好，客服是不会给你任何回答的，只有认栽,0
东西就那样，买的东西多，坏了烂了质量不好，客服是不会给你任何回答的，只有认栽，买的真的无话可说了，慎重,0
东西确实便宜，但是质量确实够次,0
东西是坏的，塑料完全变形，联系客服还说要确认，你是瞎吗？？不给补发，也不退款，客服确认杳无音信？？最差体验，垃圾商家，祝你早点关门倒闭,0
东西收到了，但是没有我想的好，我要纯棉的，东西却不是,0
东西收到了，好多毛毛，真是一分价钱一分货,0
东西收到了，很柔软很舒适，下次有机会还来这一家光顾，物流速度效率很好！同时祝福卖家生意兴隆，加油哦！??,0
东西收到了，质量很差，不开心??????,0
东西一般，边上开始拉丝了，难受,0
东西一般般吧，用的不是很舒服,0
东西一分钱一分货吧，勉勉强强。但是漏发了东西，联系客服，都不搭理的。我也是无语了。,0
东西一直没收到，也没人联系，也没人退款,0
东西有两个没收到，问客服也不理人，要下单的亲们注意了，虽然说不贵，但是客服不理人的态度，让人真的很不爽,0
东西质量不好不说都没寄够 给客服说也没人理。,0
都不想说了这个快递,0
都仍在那,0
都散了,0
都是小东西，四五天才发货，一拿来魔方就散了，没多少了钱，懒得去计较了,0
都退款了还发货，，，，,0
都弯了,0
都压扁了。,0
短,0
断了 没用就,0
对商家不满意，发过来的货品是坏的，我给商家发了视频都没有人回应，售后服务太差,0
对商家不满意，发过来的货品是坏的，我给商家发了视频都没有人回应，售后服务太差 坏亮的坏不亮的不,0
对商家不满意，发过来的货品是坏的，我给商家发了视频都没有人回应，售后服务太差。,0
额额,0
嗯,0
嗯，，这个，我就想问是别人用过的吗？为什么到我手上就没有了，见底的，盖子里面还是扎开的，一拔开，沾一手，就没有了，就空瓶了，em，还是有点失望啊,0
嗯，不错,0
嗯，东西发错了，说是要帮我咨询一下仓库，对，半个月都没有信息，主动联系她，看到信息也不回。想要的东西，都没有发完全，发别的。真的是非常糟糕的一次购物。,0
嗯嗯,0
发错货 服务态度很差,0
发的东西先不说质量，最起码数量不对，让我等你核实一下，请问核实了半天就不理会吗？便宜的东西就这样敷衍吗？最失望的一次购物，第一次给的差评，非常不负责任，气愤！有几块钱你不得发财少几元我也不会怎样，但是以后吃饱了撑的才会再买，再也不见，谢谢,0
发过来的时候毛巾上有脏东西，而且很薄，看着也不是很能吸水，一分钱一分货,0
发好多信息都不回，这就是态度,0
发货比我买的少，客服根本不理人，不补发也不退还，产品质量无法言说，图片都是骗人的，大家慎重,0
发货不检查  浴巾破了一个洞,0
发货差评,0
发货慢  退款都不行,0
发货时间太慢,0
发货速度不行啊,0
非常不满意,0
非常差,0
非常差，漏发联系不到人,0
非常好的呢，真的棒棒的，质量不错，真的买，??????????????????????????????????????????????????????????开心,0
非常难用 无法吸水,0
非常失望，太薄了也没有那么吸水，跟描述完全不符，物流也慢，边角竟然还是特别硬的面料，很失望,0
奉劝大家不要再买，质量很不好，洗了三次还掉毛，商家服务态度也是很一般，看见消息了完全当做没看见，差评,0
服务差,0
服务差到极点，东西质量也不好，找客服不理人,0
服务差及了,0
服务态度不好,0
服务态度差，差，差我买的是39码的鞋垫，他却发我38码的鞋垫，这叫人怎么垫？垫在鞋子里能舒服吗？还说要提退我2块钱，这是退2块钱的是吗？这是你们的失误所造成的，叫你们补发给我39的鞋垫，你们到好叫我退货，好我退了，可还叫我把38码的鞋垫退回去，那邮费还要我出！这是做错了该有的态度吗？就这样谁还会来消费第二回？失望。太失望了。,0
服务态度很不好，而且给我邮来的还是坏掉的,0
服务质量不好,0
感觉不错，希望下次继续合作！,0
感觉不是纯棉的,0
感觉不是很好啊,0
感觉不是很吸水，毛巾很薄,0
感觉不太好啊，这个浴巾有点糙,0
感觉还可以面料，,0
感觉颜色不一样 ，是米黄色，而不是米白色，照片在灯光下就是米白,0
感觉一般,0
感觉一般，懒得退了,0
感觉一般，吸水效果一般&hellip;还有略微的工业味,0
感觉一般般，毕竟价格就这样，跟理想还是有出入,0
感觉有点黏,0
刚打开快递，就飘毛了，有点可怕,0
刚到手，坏了,0
刚刚收货打开一看就一个字 脏 两个很脏 三个字看不下去,0
刚玩就坏了,0
高,0
格,0
个人感觉太短，掉毛 听说好评必须85字？不然没有积分？那么问题来了，怎么样才可以达到85字呢？这个问题在我的脑海里久久不去。马云爸爸怎么可以这样欺负我？不给我买冰阔洛也就算了，还让我一个二年级的小学生评论一定要写85字，哼！好过分啊，一定要记在小本本上！￣へ￣,0
给我发了一个损坏的浴巾，态度还非常恶劣，根本不给解决，还装死不说话，这种黑心商家，我真是从来都没见过这样的，服了。,0
给想象中的不一样，这个价格也就买这个质量了。,0
根本不能用,0
根本不是纯棉的，就是那种化学纤维制造的,0
根本不是棉的一点棉都不含，骗人的,0
根本不响,0
根本就不好用 上当了,0
根本就不是绵的,0
根本就不是棉的。还说是棉的,0
根本就夹不了，夹了个没夹一个样，要不得,0
根本就没发给我,0
根本就用不了,0
根本没怎么装好 寄来的东西差不多是散的 乱的 还有很多都断了 投诉客服不回消息 不理人,0
跟旧的一样！一些莫名其妙的红点，还一股味儿,0
跟客服说了，寄漏了，也不理人，不能用也不理。而且质量也不怎么好，虽然东西是便宜。可是也不能这样吧,0
跟抹布一样，不好用，当抹布了,0
跟拼多多上的商品有的一拼。垃圾。不值！,0
跟图片不符合，这种根本不适合用来洗脸。,0
工作不负责,0
钩子还是不要买了 它一挂东西就自己掉下来,0
挂了一条小毛巾，掉了！掉了！掉下来了！！！,0
郭芳芳,0
哈哈,0
还不错,0
还不错。就是太薄了，是棉的,0
还不错的。,0
还凑合,0
还过的去吧？,0
还行,0
还行 是回头客。不过感觉没以前买的好,0
还行，就是毛全粘在袜子上了，小黑球球,0
还行，就是有点掉色,0
还行，一般般的啦！,0
还行，有点薄其他还好,0
还行。挺好看的，也好看的，但是不是很满意，有点脏，洗了一下，还会有点印记,0
还行吧,0
还行吧  样子但是挺好看的  就是洗澡后毛巾湿了  感觉擦的时候  不如以前的毛巾  吸水性也可以  一分钱一分货  凑合吧,0
还行吧 就是有几块地方硬的,0
还行吧 毛有点硬,0
还行吧 一般般  总体来说还可以 就是比较薄   不厚  所以感觉一般般  摸起来手感不好不坏  不介意薄的  还是不错的,0
还行吧！,0
还行吧，,0
还行吧，，也就一般！大家买要考虑清楚，不要上当！！！,0
还行吧，比较柔软舒适，吸水效果很好,0
还行吧，不吸水,0
还行吧，就是不敢用力刷杯，怕上面掉出来（如视频所见）。刚到货的时候上面就是开的，然后自己发现原来可以把它弄上去。（开的如视频开头，弄上去后如视频结尾）。害怕刷杯时稍微用点力它就开了,0
还行吧，就是掉点小毛,0
还行吧，就是摸起来不那么舒服,0
还行吧，没有想象中那么柔软,0
还行吧，为太重了,0
还行吧就这个价钱,0
还行吧一般般,0
还行吧只能说，物流太慢太慢，慢的我都想要退款了，不过到了质量还行,0
还行就是有点掉毛,0
还好,0
还好 就是会掉毛球,0
还好，但是物流实在太慢了,0
还好，就是不厚,0
还好，也不是特别好,0
还好，有一点失望，真实的比照片薄，但触摸起来真挺舒服的,0
还好吧,0
还好吧  没没想象中的大,0
还好吧，,0
还好吧，只是有点薄，吸水力还好,0
还好吧、,0
还好就是有浮毛,0
还可以,0
还可以 就是一个上面有紫色的点,0
还可以，,0
还可以，毕竟价钱在那,0
还可以，就是垃圾物流，劝各位千万不要用百世快递，我的快递找了好几天才找到,0
还可以，就是做工粗燥了点,0
还可以吧,0
还可以吧   不是特别吸水  毕竟价位在这,0
还可以吧 还行还行还行还行还行还行还行还行还行还行还行还行还行还行还行还行还行还行还行还行还行还行还行还行还行还行还行还行还行还行还行还行还行还行还行还行还行还行还行还行还行还行还行还行还行还行还行还行,0
还可以吧！不是很厚，还有就是快递不够给力，5天才到,0
还可以吧！不至于后悔,0
还可以吧，不至于后悔买,0
还可以吧，感觉一般，不过摸着挺舒服的,0
还可以吧，马马虎虎！,0
还可以吧，挺软的就是浴巾小,0
还可以吧，有点小，也很薄。,0
还可以吧，质量也还不错,0
还可以啦，挺喜欢，颜色粉粉的！！！价钱也很好，超值啦，也不掉毛毛，一个毛巾，一个浴巾，有点点小，哈哈哈哈哈，可能是我个子太高啦，噗哈哈哈哈哈哈哈哈哈哈哈哈哈哈沟沟壑壑个共和国哈哈哈个黄昏的工具巡视不会写剧本许并感谢那些把自己打扮的巴西队女这肯定不刺激,0
还可以哦,0
还没试过,0
还没用,0
还没用，洗了一次就变的很难看了,0
还没有用不晓得怎么样,0
还算可以，就是做工过于简单点，手感还不错,0
还有行吧,0
好,0
好，小朋友很喜欢,0
好不好？你们自己看上面就知道了，有很多黑点，感觉已经发霉了，然后被人使用过的那种  买过那不好东西，但是没有买过看上去被人使用过的东西  感觉我被欺骗了??,0
好差，一点都不好,0
好多不响的，质量不好。,0
好多球，质量不咋样,0
好很好非常好,0
好久,0
好看，颜色很好看,0
好看，只是不是很舒服不贴皮肤，也不吸水反正不是那么舒服,0
好看是好看，擦身体有点粘的感觉,0
好垃圾！而且物流时间也长,0
好评,0
好生气，没收到货！！！国庆没在家，快递就直接丢寄存室，回来就找不到了！逾期物流也没法投诉了！！因为丢了这个包裹，我老公不准我在网上买东西了！！好生气！,0
好玩,0
好小啊跟毛巾一样 生气!买浴巾的,0
好用很吸水,0
呵呵,0
呵呵，抖一抖掉一地的毛。一颗星都不想给,0
呵呵，刚买了的毛巾有发霉，nmsl，坑爹卖家,0
呵呵，这家店的东西超级烂，大家千万别买！！！,0
和闺蜜一起买的，拍的都是蓝色 结果发来一蓝一粉，最不喜欢粉色！！！,0
和客服沟通困难，感觉就是机器人,0
和上次买的不一样，没上次买的好,0
和图片不相符,0
和图片还是有差距的，毛线头太多,0
和图上一模一样，就是掉毛,0
和想象的不一样，质量感觉不怎么样，一分价钱一分货,0
和想象中的不一样,0
和想象中的不一样，唉,0
和预想中有点差距   颜色太浅了     浴巾太小了,0
河北到上海的件，愣是寄出了新疆西藏的感觉。寄了一个星期。本来以为周四周五能到的，周六去泳池正好用。结果，呵呵～,0
盒子已经扁了,0
黑商,0
黑心棉,0
很薄，不值这个价格,0
很薄的,0
很差劲，也不是纯棉&hellip;&hellip;,0
很多东西一碰就坏，有些不会装，问客服说，自己慢慢安装，不予理睬,0
很好,0
很好好好,0
很难收回去,0
很难用，掉毛，一脸毛,0
很软，但是有一点，就是小兔子下面的那一条布有脱线，质量一般般,0
很少,0
很少给差评，但这家还是不要买了少发货，不给处理，还说什么时间过了没办法不给处理，钱在少那也是我出了钱的呀，,0
很失望,0
很失望的一次购物，烦人，不想说什么了,0
很小，很多东西都是很小,0
很小一张，不过很薄,0
很一般,0
很一般，卖家估计是下单付款后现做的。等了很多天才发货。,0
很一般，实际上薄薄一层，吸水效果也不好,0
很脏，感觉别人用过,0
滑,0
滑滑的面料，不好用,0
滑滑的那种，不是那种纯棉毛,0
化纤不是特别理想,0
坏的，客服还说了很多遍就那样的，好的好的,0
坏的。,0
灰常吸水,0
回复的人都没有,0
回来就是坏的,0
回来了 洗了下 感觉不太吸水 其它都挺好的,0
回来以后毛巾上有头发   浴巾旁边全全是发霉的黑点   便宜没好货,0
回来有点脏，叠的位置有一条黑色的灰尘，旁边也有一些小黑点，，，，，，，。有点失望吧,0
会掉毛,0
会掉毛。。。,0
会掉毛??果然便宜没好货,0
会起球,0
货,0
货不对板,0
货等了我10天,0
货刚到 自己看吧,0
货收到了，一般,0
货收到了，一般过的去吧，就是有点单薄没厚实感。中评。,0
货物一般，东西太次,0
货物一般般，也不是很好,0
货一个多星期才到，其他的就不想多说了,0
几毛钱的东西就那样吧！,0
几天才发货，布料有点薄薄。,0
继续努力,0
价,0
价格便宜，不太吸水,0
价格不一样，东西一样。,0
价格看起来便宜，可是假货，说好的纯棉，实际是化纤，不吸水不贴肤，打火机一烤就穿。网购一直五星好评，今天第一次给差评。,0
价格真的是太实惠了，每件东西都特别精致，有的只能看不能碰，碰了就坏掉啦,0
价钱和性价比相差不大,0
架子是存在的  但是只有底座了 请问美妆蛋怎么放,0
rX便宜，一分rX一分,0
简直一句话都不想说了??物流慢的要死我都跟他说了我开学要拿的他还是不理不睬然后东西也是差的极点那些给好评的不就是有红包吗？,0
建议别买  我就上当买很多  还少发一个   虽然给补了   东西质量特别差  我是买完用过之后我才来评论的   真的   别贪小便宜  容易吃亏   还不如用这些钱  再加点钱买点好的,0
胶不粘，容易掉,0
脚跟的地方被烧坏了,0
睫毛夹太难用了！,0
今天刚收到，有一块黑色的，很脏，还洗不掉,0
今天收到快递就拆了，感觉还不错，下次还会光顾的,0
镜子收的碎的，答应处理一直不给处理，不想说太多，总之很不好,0
就**垃圾。,0
就不多说什么了，东西颜色不对就算了，还有破损的？？给客服讲就这个服务态度？？,0
就那样,0
就那样吧,0
就那样吧，还行,0
就那样吧，什么价钱什么货吧,0
就能蹦Q几下下,0
就是太滑了，感觉在手机随时要掉,0
就是有点脱毛，不过摸着挺舒服的,0
就算我买的东西多，也不是你们给我少发货的理由，而且少的不止一样,0
就一包，头还总掉，别买,0
就这么收到货的，里面没受损也不敢用啊，这坏的也不是一点，客服不是说不是自己的责任嘛，一句投诉物流就完事了,0
就这破东西，谁买谁后悔，做工特别差，！发货还特别的慢,0
就这样,0
就这样子,0
居然不是棉的，严重差评,0
居然还有霉点点,0
绝对差评的，看了信息不理客户的就这家店才做。6-7天了都不理，不是几块钱的问题，而是态度问题处理问题的方式不对,0
看错了。想要个洗脸的和搓澡巾。结果没注意来了个更大的。哈哈。要说东西嘛。很吸水但是洗脸老是滑。不好。,0
看了好久评价，果然不止我一个买到脏毛巾，根本就不是纯棉的啊，不吸水，难道这么多都是发货疏忽没仔细检查吗？给你差评是让商家长记性，良心发现，以后不要拿垃圾来卖给大家了，真是够了，鬼知道这些毛巾都是从哪来的啊，太恶心了，花钱买教训了&hellip;&hellip;,0
看着还行  没用来不知道吸不吸水  用过在评价吧,0
看着还可以，还没用不知道会不会起毛,0
看着还可以，颜色也不错，就是不知道吸不吸水，,0
看着应该还行,0
可以,0
可以，还不错~,0
可以，略薄,0
可以的，就是我买的了好长时间才拿到货,0
可以摸起来挺顺的,0
客服不理人，漏发东西找了两天才回复，自己犯的错误不补发。呵呵,0
客服和快递很差劲，我要办快递退回，客服跟我说联系快递帮我从菜鸟驿站取回，最后他们非说是我自己取回的快递，要收我运费。已经一个多星期还没有结果，真是麻烦！,0
客服态度很不好，快递也不是很快，总之就是很不好，很不开心,0
客服有问题也不给解决，直接不理,0
快地超极慢，知道这么慢下次不会在买，质量不好。,0
快递包装非常不好，收到货时甚至已经被人为的拆开过。而对于商品，买的镜子拆开包装就是烂的，卡套也被刮花了，胶水盒子被压得稀烂，还有碘伏棉签居然就只是一根儿（好吧怪我贪便宜）。总之，这家店儿没什么好东西。,0
快递不行,0
快递刚刚到，不想说什么，不要给我打电话，我知道你们不容易，但是我花钱买东西，发来这样的货，我也不好受，质量对得起这个价格吧，猫的浴巾比我的还好??,0
快递很慢,0
快递很慢，毛巾很差。不吸水。洗脸的时候，都移不动。,0
快递很让人伤脑,0
快递离我150里路程就连乡里都到不了，在县里,0
快递慢的要死,0
快递慢的一批,0
快递弄丢了,0
快递十天才到，太慢了,0
快递速度超级慢，有时候客服还爱理不理的，快递员也不派送要自取，下次不会再买了,0
快递太慢！,0
快递太慢，太慢！！,0
快递太慢了，老出问题,0
快递态度太差。没经过我允许就放到了别的地方，甚至都不告诉我，还要我亲自去给快递打电话。态度特别差！！！特别差！！！,0
快递也是醉了&hellip;&hellip;,0
快递又慢，到的时候连信息也不发，电话也不打，我写小卖部待收就直接丢到小卖部那里了，气死我了&hellip;&hellip;,0
快递真的慢,0
快递真是够了,0
垃圾,0
垃圾，别买,0
垃圾，不管东西值不值钱，就这态度很不爽，什么玩意,0
垃圾，亏死了，不是棉的，不吸水,0
垃圾，一点都没有用,0
垃圾a品,0
垃圾的很这毛巾,0
垃圾店铺，少发了东西，还一直让我拍照片，都过了一段时间了，该用的都用了，我人都在外面怎么拍，要买的人需要慎重！,0
垃圾东西,0
垃圾东西，大家最好别浪费钱，虽然是小钱，别被狗骗了，真的好气愤，不说了，直接上图,0
垃圾东西，发货还慢，好几天不发，商家还一天推一天。,0
垃圾就是垃圾,0
拉丝。。。。。。。质量还好，就是特别拉丝，到底是好还是不好。。。。。。摸起来是很舒服的，就是拉丝一个问题，希望改进。。。。。。。按需求购买。。。,0
辣鸡,0
蓝色这一块的布料太粗糙了，所以只好剪下来，,0
烂的收到。,0
烂了，而且上面有黑黑的洗不掉，卖家服务态度也不好，最后维权成功的。,0
烂透了 不想多说,0
老掉毛  洗了也不行,0
老公用不习惯，我也觉得不是很好用,0
了,0
蕾丝边的线一拉就掉套，整个开线，商家跟我说剪一下就行不耽误使用，那我不要图案直接买个毛巾好不，我还用得着选图案吗，真逗，没多钱的东西没时间退货折腾，就想告诉宝贝们别为了涂便宜买他家毛巾，一分钱一分货，毛巾质量太次了，掉毛还开线，洗完还发硬，准备买的宝贝们慎重吧，别买回来后悔闹心不说还用不了,0
蕾丝太破了说真的，挂在衣架上不知道怎么一条线就开了，结果全是丝&hellip;&hellip;&hellip;我就。&hellip;&hellip;&hellip;,0
里面的小球是半个的,0
里面竟然有头发,0
连个针都没有怎么捅开,0
料子还算不错，可惜太薄了，如果是厚的一种就好了。也许是个人习惯吧,0
料子没有想象的好,0
劣质,0
漏发,0
漏发，然后就没有然后了。什么回复都没有。,0
漏发东西不补发！申请退款秒拒绝，发信息叫他补发就跟死了一样不吭声。垃圾&hellip;&hellip;,0
漏发东西不说 东西还是坏的。处理人也不在。垃圾的要死。千万别买,0
漏发东西联系了客服，回复说和仓库核实情况再联系我。第二天没动静，刚开始没表明漏发东西还回复好好的，一说到漏发问题马上匿了，还故意把我的消息设置了，一直都是未读。东西多漏发可以理解，但是处理问题的态度很有问题，几块钱的东西不要也罢，但我不爽的是你们的态度！！！！！！！！！！！！！！,0
漏发了，没东西。,0
漏发了杯子！！！一直在联系卖家，卖家都没回复！太坑了了吧！生气！！！！,0
漏发了找客服 想要的是一个态度而已 然后就没然后了,0
妈妈说太薄了。,0
马上破了,0
码子严重偏小,0
码子严重偏小，要小一截,0
买4个，发3个一样的,0
买的东西不要太多了，包装不好，会像垃圾一样寄过来。会少东西，问客服也没用，她会说我去核实一下，然后了无影讯，问她也不再回复。,0
买的东西的时候发货慢，可以理解，和客服说保证质量，不知道是看不见，就给我发了个那烂玩了，白花钱，跟客服说话连续几天，一句话也不回你，真让人生气了，就是骗人，有图为证，我第一差评，不能忍，坏了烂了质量不好，客服是不会给你任何回答的，只有认栽，买的真的无话可说了，慎重,0
买的东西是坏了的，卖家根本不回话，申请退货不管邮费，申请退款还不同意，真是太差劲了。,0
买个东西快半个月才收到！,0
买回来后打开试了试有19个都不想，联系卖家，卖家还要我们自己出运费才给换，有需要的可以先把条件都说好了再下单,0
买回来坏的不响,0
买来的浴巾有两个大黑点，懒得退洗了洗还洗干净了，吸水效果还可以,0
买来就有坏的,0
买来用来洗脸的，这个毛巾不适合洗脸，太滑了，如果买来洗脸不建议，准备从买条洗脸毛巾，这个用来洗澡吧,0
买了好多   基本都扔掉了 材质绝对有问题  味道太大了,0
买了两次东西  第一次漏发  第二次发错  周一联系客服 周四还没回复  我问了他才回复,0
买了两次了，但是四边发现容易起毛，不过毕竟价格不高，总体还算可以。,0
买了两个不一样的给我发了一样,0
买了两套，寄过来两套颜色都是浅蓝色，其中一套虽说比图片上浅，但大体颜色是对的，有点色差可以理解，但是另一套明明就不是一个颜色，店家为什么非要嘴硬把原因归结到色差上，这个色差解释我不接受，对于撒谎骗人说实拍显示器差异有色差这种借口我很生气，对于这种欺骗行为我给差评。我就不信你这么浅颜色发蓝的毛巾你实拍能出来这种紫色的效果。,0
买了两套，小狗那套挺好的，兔子那套上好多脱线地方，出来好多线，,0
买了两条，结果收到了一条。联系客服，说是要核实，然后核实了一天才承认说是漏发了。说是给我补发，然后五天过去了，没有一点动静。主动联系客服说是又漏发了。淘宝这么久第一次感觉如此的被忽视。这家店铺也太不拿客户当回事了。奉劝大家以后买的时候一定要仔细对一下数量。不用再补发了，退款了，还不一定猴年马月才能到。第一次差评，谢谢。,0
买了没发绐我，联系客服也没人理，几毛钱就算了,0
买了三十个，好多都是坏的。。。。。。。我在吃饭呢我在外面吃饭，？。？。？！我在上班了，我也觉得好看了没啊，。！我也不知道怎么做什么 淘宝几年才知道原来评论85个字才会有积分。所以从今天到以后，这段话走到哪里就会复制到哪里。首先要保证质量啊，东西不赖啊。不然就用别的话来评论了。不知道这样子够不够85字。谢谢老板的认真检查。东西特别好，我不是刷评论的，我是觉得东西好我才买的，你会发现我每一家都是这么写的。因为复制一下就好了。,0
买了一堆东西，很多都没有配送，还不承认。,0
买了一堆垃圾，大家慎重啦，问客户也不理。而且都是坏的。大家别买,0
买了一堆垃圾。,0
买想象中那么好质量,0
买一条毛线要等6天，你们说绝望？客服态度又不好，,0
买之前满心欢喜，买之后失望透顶,0
卖货就是个骗子，说是纯棉的，我才买的，结果全都是涤的，你们家就是这样卖货的吗靠着骗人做这个生意的吗做生意要讲究诚信不要骗人的就是棉的，欺骗顾客等于欺骗自己，以事实说话，骗是不会长久的,0
卖家不给退货，快递员私自放到快递柜，还收了滞留费。,0
卖家东西包装非常简陋，所有东西没有个袋子，一股脑塞纸盒子里，等到了丢几个小东西，小配件，惹人闹心。,0
卖家发的东西缺货，不予理睬，坏的东西也不解决，差劲，网购这么多年第一次遇到这种情况,0
卖家无理取闹，明明我没有收到东西，非要说我收到了，都不知道东西哪里去了，找了淘宝才给退款！卖家没有一点作为，一直拖拖拖,0
卖相好，但材料不咋地,0
毛巾比我上一次买的薄很多，还掉毛,0
毛巾不错，,0
毛巾不好，不是棉的，,0
毛巾不好用,0
毛巾不好用，洗脸一点也不好洗,0
毛巾不是吸水的料子,0
毛巾不吸水，还掉毛，简直没法用了,0
毛巾超级垃圾。。。浴巾可以拿来用。毛巾真不行。,0
毛巾粗糙,0
毛巾感觉上面都是润滑剂似的在脸上打滑,0
毛巾感觉一般，擦起来不舒服，会黏在身上，建议买棉毛巾,0
毛巾刚拆开就摸着湿漉漉的，好像被用过，问客服客服说是因为快递运的过程中产生的水蒸气？？？神特码的水蒸气？？？买这么多衣服啥的也没见过有水蒸气这一说，如果毛巾本来就是干的哪儿来的水蒸气，真当大学生这么好骗呢，而且浴巾上还有黑乎乎的东西不知道蹭的啥，有点像睫毛膏或者眼线液之类的，20块钱的东西不想再计较啥了，当擦脚布吧,0
毛巾还没用就开始发臭，是那种脚臭味，买回来挂在那一直没来得及用，结果才没几天屋子里突然一股脚臭味，找遍了整个屋子原来发现是这个毛巾，当时就扔了，建议要好的伙伴还是慎重！,0
毛巾很薄，便宜没好货，跟描述的完全不一样，不会再买了。,0
毛巾很薄掉毛,0
毛巾很漂亮。,0
毛巾很一般，一点都不吸水，用的时候擦不干，并且还会滑脱手。,0
毛巾烂了,0
毛巾上有黑的，洗不掉,0
毛巾是坏的,0
毛巾是那种不吸水的布料，不喜欢超级不吸水，虽然便宜,0
毛巾太垃圾了，材质就像做抹布的，用的很不舒服,0
毛巾挺舒服的 与实物也相符  就是容易沾上脏东西 难清洗,0
毛巾洗脸不好用，不知道浴巾怎么样。反正还没有用浴巾,0
毛巾洗脸真的太滑了，还有一边划不动,0
毛巾洗洗就变形了，还不好了,0
毛巾一般  物流不行  到货3天没通知,0
毛巾一般吧,0
毛巾一般没有那么厚轻飘飘的,0
毛巾印花都印乱了,0
毛巾用着还行，就是图片和实物差得有点厉害吧,0
毛巾有点脏,0
毛巾有污渍，洗不干净，不知道生产过程是怎么样子的？？？找售后说补两块钱给我。我要那两块钱那干嘛呢？？最讨厌那些什么好评返现的。弄的很多不真实评价，明明很差的东西，确要被那一两块钱返现扭曲事实。一分钱一分货，毛巾很薄，吸水比较差，没有要求的可以买，但凡有一点质量要求的都不建议购买！,0
毛巾质量不好   还有一圈是脏的   还掉毛  不建议你们购买。,0
毛巾质量太差,0
毛巾中间有一条黑印,0
毛毛太多，掉毛毛,0
没,0
没包装，差评，多脏,0
没包装的，差点扎到，不好用，不快。,0
没达到期望值，商品名称有误导嫌疑，不是棉的，成分里一点棉都没有，洗脸的时候毛巾擦不动，以前用的毛巾没出现过这种情况，总体来说不好用，不如超市里买一条十块的毛巾,0
没发全,0
没法用质量差,0
没两分钟就坏了,0
没那么吸水，不是纯棉的那种地方,0
没什么用,0
没收到,0
没收到货！跟快递联系了说家人收了但是真实没收到！又得重新买,0
没收到货，丢了,0
没想象中好,0
没效果，还弄一脚灰。原本想发视频的弄不成功就算了   淘宝几年才知道原来评论85个字才会有积分。所以从今天到以后，这段话走到哪里就会复制到哪里。首先要保证质量啊，东西不赖啊。不然就用别的话来评论了。不知道这样子够不够85字。谢谢老板的认真检查。东西特别好，我不是刷评论的，我是觉得东西好我才买的，毕竟我每次买东西都是精挑细选，货比N家，然后你会发现我很多家都是这么写的。因为复制一下就好了。,0
没心情看了，第一个都想扔了,0
没用,0
没用，不知道怎么样，就是包装差劲，,0
没用不知道质量怎么样,0
没用过，还不知道,0
没有40的给我发的39,0
没有弹簧，老是断水，根本写不了字,0
没有弹簧没法用啊,0
没有那么厚，感觉吸水性一般，不是特别快速吸水的,0
没有上次买的好，掉毛毛,0
没有实体店里好,0
没有说的那么好，薄，也不怎么吸水,0
没有图片的,0
没有图片上那么好。,0
没有图片上那么好看,0
没有我想的那么好，，一般吧，,0
没有想象的那么好,0
没有想象中的好  感觉这些东西都有点久了。不过这样的价钱也是这样了,0
没有想象中的厚和长，但是一分钱一分货，  相对来说可以了   。   勉强能用,0
没有想象中的那么厚  有点失望了  早知道卖另外一家了   被图片欺骗了,0
没有想象中的那么划算，也是这个价钱,0
没有想象中那么厚呢，一般般了,0
没有想像得那么有乐趣,0
没有以前买的白色的质量好,0
没有用,0
没有用，质量一般,0
没注意买的太小了。,0
棉的很舒服，浴巾没有想象的大，适合小孩子用,0
棉签根本不够数量，拍的时候说是100只，只有70只,0
棉签质量不是很好，掉毛严重，不要买。,0
面料不是很理想,0
面料不是我想的那种其它还行，就是物流较慢,0
面料不喜欢，不亲肤不吸水,0
面料感觉不贴身 哪种感觉不是那么喜欢,0
描述不符 一点不滑也不是纯棉 直接差,0
描述严重不符。买的长毛款，发的什么垃圾玩意。还4快一双。货不对板，压根就是坑人的。,0
明明留言了叫发申通和邮政，居然给我发天天快递，客服**的,0
明明是10片装，只有8片。,0
摸起来很舒服，就是掉毛严重，吸水性很差毕竟不是棉的，这个价钱也凑活了,0
摸着感觉还可以，色差比较大，明明是卡其色结果是南瓜色,0
摸着是还可以，就是薄了,0
摸着手感可以，看着和图片也是相同的。买了10条，今天收到，就放洗衣机洗了。晾晒时发现有条又个洞，破了已经。不确认是洗前就有还是洗后磨坡的，中评吧,0
魔方质量差点，刚回来转一下就全散了,0
默认,0
拿到的时候就掉了,0
拿到手就坏了,0
拿到手没玩几下就坏了,0
拿来就这么脏  污渍,0
哪有3米明明是2.1米，缝纫机是帮衣服打洞的，创口贴用来拍电视剧挺不错的！,0
那个蕾丝花边扎肉。质地需要改进比较贴身的东西嘛,0
那些蕾丝边缘有线，一拉全没了,0
难闻,0
难用，,0
能不能给一个中评呀，我对这个商品其实还是可以接受的，但是我很累  去拿了一个快递,0
你家毛巾会粘着皮肤吗？体验极差！,0
鸟笛不能用,0
拍两个，才发一个， 也不退款。,0
拍物需谨慎,0
拍下   快一周了才发货   不催都不发,0
派件太慢了,0
泡在水里就这样了，都洗不干净，哎！差评,0
骗人的，根本不能用,0
骗人的，根本就不是棉的，用就来很滑，洗脸都没感觉，不贴身，不贴脸。,0
骗人的，最差的一次网购，一点都不吃水，还说是棉的，说话做事要评娘心，不能为了利益欺骗别人。,0
骗子！买了那么多次还坑老顾客，这明摆着不想做长期生意，还没买之前热情似火，出了问题避而不见。东西都坏了，也不会道个歉只会推来推去不回复！,0
骗子，大骗子！他说这是棉的，但是实际上不是，你们看看这个在毛巾上面的标贴！ 我一次过买3条不同颜色图案的，都是这样！实在太愤怒了！,0
骗子，大骗子！他说这是棉的，但是实际上不是，你们看看这个在毛巾上面的标贴！我一次过买3条不同颜色图案的，都是这样！实在太愤怒了！,0
骗子，我以为有多好，告诉我加一元送一个，我39.8买了一条毛巾随后让我好评，我评价了，又让我晒图，我说已经好评了，又是各种理由,0
品质一般，不是纯棉的,0
平时习惯好评的我这次实在是忍不了了 青蛙都成这样了还能玩么 几块钱的玩意也不会太在乎 主要是卖家态度 跟他说话连回都不回 知道你们是小本经营 但也不至于这样吧 一点都不尊重人,0
其,0
其实还行吧  就是毛巾灰色布的那块也太差了啊  差的真的没话说  蓉的那块还可以吧,0
其实这种拿来擦头发估计可以.擦脸跟身上一点都没用,0
其他东西还可以，就一个扇子坏掉了。联系卖家都不搭理，差评,0
起码塑料袋套一个啊，脏死了。,0
气,0
气死我了，买了三个尺码写的不一样，长度确一样，家人没法垫鞋子。,0
亲们  便宜无好货  不是真正全棉的  一点都不好  洗脸都是滑的  写的是和实际不一样 虽然钱不多  不能骗消费者呀,0
青蛙太锋利手都剌破了很深一个口子忘了拍图片,0
清新剂真的好难闻，也可能是个人的原因，但是真的很刺鼻，然后就扔了，磨脚石碎了，刀子很锋利但不挺好用，别的还好，还行吧，总体来说还好，，，包装挺好。用淘宝用了很久，也是刚知道要评价好多好多字才会有积分，以前嫌麻烦，随便评价个三言两语，从来没有打过很多字，从现在起我要每个评价都要写好多好多字，其实这里你可以不用看了，只需要看前面的几句就可以了，这里的话我都是凑字数的，我觉得差不多了，好了，就写到这吧。,0
蜻蜓怎么没有竹呢，我也是醉了，就一个帽。。,0
取货物流公司远，打送货员电话关机,0
全国各地都降温了。天冷了。都早点睡吧。有男人的抱男人，没男人的抱热水袋。记住一句话。人生的高度，不是你看清了多少事，而是你看轻了多少事。最重要的是这五点：不在一些烂事上计较，不和家人计较，不和对自己重要的人计较，不和爱人计较。更不要为难自己和自己计较。活得太纠结只会自己给自己挖坑。学会看淡红尘，在一些琐碎上解脱，你会看着自己越来越年轻，面由心生。晚安。,0
全尼龙材料，洗脸贴脸上根本抹不开，今天才看评论区，都是刷的什么乱七八糟评论，本来觉得别家都是3条5条捆绑卖，买了用不上才买这家一条毛巾一浴巾，这当抹布洗碗都就会打滑,0
全是粉沫 别跟我说运送过程中压碎了,0
全是劣品太垃圾了 挂个衣服就坏了,0
全是碎的,0
缺东西，不理人,0
让人恶心到反胃的一个店铺 东西少了就是少了 不承认就算了 搞的我骗她一样,0
人生第一条差评。快递没有外包装。我还能说什么,0
绒毛太多,0
绒绒的挺舒服，就是没想象中厚实,0
容易断，有味,0
柔软顺滑 非常亲肤舒适,0
软软的，还可以,0
弱爆了，跟预期的相差有点大,0
撒出来了,0
散架了,0
啥玩意啊&hellip;&hellip;烦躁&hellip;&hellip;,0
商家卖的就毛巾打开后都是污点 脏死了 真的不能用 比酒店的脏毛巾还恶性  会不会用他家毛巾浴巾得传染病呢 还一股臭味 商家态度特别差 大家千万别买呀,0
商品本身就存在质量问题就算了，毕竟价格摆在这。质量不好，商家拒不承认就算了，客服不但不为我解决问题，还出言辱骂我，这就是淘宝商家客服的素质吗？这样以后还怎么敢让人在淘宝上买东西，花钱给自己买骂吗？难道因为价格便宜态度就可以为所欲为吗？客服态度嚣张跋扈，言辞间孑然一副我不处理你也没办法的样子，我不是夸张，也不是喷子，下面都有截图的，我虽然没花多少钱，但怎么也是消费者，商家客服的态度实在让我难以忍受，真心的希望大家擦亮眼睛，不要再上当受骗，淘宝上有很多家，也有很多卖这种小东西的，希望大家看到这条评论能对你们有帮助，毕竟我们买东西都是给自己使用并且愉悦自己的，而不是被客服辱骂的。,0
商品不知道怎么样？但是有一点我可以确定。取件的时候取件员直接给我丢在地上。服务真好！！,0
上边有一片黑的洗也洗不掉,0
上当的感觉,0
上面那块东西很硬，硌脚，这双鞋垫根本没法用，昨天跟客服反应后，说给核实一下的，到现在都没反应，发信息也不回，什么态度是？难道寄快递时都不检查的吗？,0
上面有些脏东西,0
稍微有点味道,0
勺子质量太次,0
少发东西  还不承认,0
少发东西我可以理解，但是不理人是什么意思？第一次买东西这么无语，我如果说话不好听你不理我可以，但是我语气不好吗？连句道歉都没有，退款都是系统自己退的，等了一个星期，连句话都不说，第一次碰到这么垃圾的店。,0
"少发货,装无辜,本来好心让他退我没发货的款,结果最后一天拒绝并让我照相,谁特么留个破箱子留一周。最傻x卖家,平生第一个送给你了。",0
少发漏发客服不理人，其质量呵呵哒一分价钱一分货,0
少发一样东西，,0
什么啊，一碰直掉渣,0
什么纯棉的呀！太失望了、物流到时贼快,0
什么东西，太一般了,0
什么东西嘛，根本洗不了脸，洗不动,0
什么鬼,0
什么鬼，浴巾毛巾这么骚包，我一个大男人用这个？你在逗我吗,0
什么破包装，垃圾里捡来的？,0
什么破东西，用一次就断了,0
什么破烂,0
什么情况 不是退货了吗,0
什莫玩意，和客服聊天还说话，,0
失望,0
十分满意 吸水超强 给赞,0
实物非常小,0
实物根本没想像的好，502胶水发的货真的是差到不行，实物跟图片两种根本就是天壤之别，还说什么两种用着效果差不多，真是的，差评差评差评,0
实物跟图片质量档次差太多,0
实物很小,0
实在是不想吐槽了，第一次说系统出问题要我一件一件的退单重新下单、而且还是过了几天我看还没有发货、问客服才知道系统出问题了，难道我不问就一直不发货了嘛？真是的！给中评吧、免得客服天天来烦我,0
视觉效果，骗子,0
是好看但是洗脸的毛巾一点不贴皮肤而且不吸水,0
收到的东西又脏又掉毛，便宜没好货。快递又慢。,0
收到的实物上面有好多油泽，问客服怎么解决，直接说给退两块钱，火大，很少给差评的，简直了，还有，请不要给我打电话让我撤评，我已经问过你处理方式了,0
收到的浴巾坏了，锁的边和浴巾不一样长   补都不好补,0
收到的浴巾有小洞，介意的慎拍,0
收到东西的时候，上面竟然有胶带粘着，都不知道是怎么回事？本来拍照了，但好久来评论就把照片删了,0
收到货感觉挺失望的，不吸水，很薄，没有质感，浴巾还是脏的，应该是装袋的时候蹭黑了，摸起来就校门口9.9一条浴巾的那种感觉，甚至还不如。。。,0
收到货有点不开心了，粉色上面竟然有黄渍,0
收到就是烂的。,0
收到了，还可以,0
收到了以后上手摸了一下我连拆开来都懒得一直放在那里 ！！质量属实有点差！跟一次性的一样！不要买！真的几十块钱就跟扔了一样客服态度还差！,0
收到一个头都找不到了，箱子里也没有估计路上丢了,0
手感不是很好而且掉毛,0
手感不是很好而且毛巾掉毛,0
手感还不错,0
手感还行,0
手感什么的都没问题 可是能不能解释一下这是怎么回事 本来很开心的 结果这个洞一下子就把我好心情全搞没了！,0
双十一买的，很多没有收到货，明明是他们出问题却不承认，差评了还天天给人家打电话要人家删评论，还说补个红包，哄小孩呢～,0
双十一完全没有活动价 一分钱都没有折扣就算了。店铺图片还误导人！图片里放四个不同尺寸的毛巾 结果拿到手就两条 一个大浴巾家里根本用不上 一个毛巾 不断掉毛掉屑！,0
瞬间不想说什么了掉毛掉的没法穿,0
说白了就是不好，不是棉的。,0
说好的不掉毛呢,0
说好送毛巾   没得送,0
说毛巾是坏的   结果店家爱答不理的    大家千万别上当了,0
说实话性价比一点都不好，特别薄，不值得这个价钱，不好,0
说实话浴巾毛巾都不错，不掉毛，非常吸水，也够厚的，价格非常实惠，可是浴巾怎么不是长方形啊，居然是个微菱形◇啊！不太明白，稍稍拉一拉扯一扯也弄不长方形，是个畸形，店家不知道吗？找客服反映一下，用编好的话，粘贴一下敷衍了事，说发个两块钱红包，我要的是态度，还用粘贴好的回复，虽说人都是图一个便宜，可是这办事有点差啊，没有这些人也卖不动这么大的量啊，你就是发两块五红包能咋的，谁差那两块钱啊，去小卖部买瓶水还得三四块钱呢，要的是好好说，好好解决，而不是敷衍了事，跟客服说两块钱有点少(不是真嫌少，而是心里不舒服)，客服整一大套话，然后在就没哔话了，这售后属实有排面啊，,0
说是纯棉  根本就不是纯棉   压根就是欺骗消费者,0
说是纯棉全棉的、根本就不是嘛,0
说真的，产品与想象中还是有比较大的差距。不过老板也不容易，也就算了，估计也就是一分钱一分货。今天才收到，没用过，尺寸大小还可以，感觉上偏薄，希望好用吧！快递真不想说了，明明在家，偏偏放到旁边的小卖部。送货之前也不电话联系系，也不按门铃。搞得来回折腾&hellip;&hellip;,0
说真的，是我购买过的小东西的店 里面最差的一个！没有之一！ 东西看上去很劣质，哪怕是几毛钱的东西，也比以前别家店购买的质量差！而且，买了一个风油精，结果收到了风油精的盒子？！里面的风油精都不知道去哪了，找客服，不说少了风油精前一直有回复，结果说了少了风油精后就变成无客服状态了！ 好几天都没有回复的！本来几毛钱的东西不想和你计较的，但这样我很生气，于是就申请退款了！就退这个风油精的七毛多！ 就不便宜你了！好好说话我并不想这样的，结果你直接玩失踪？！,0
送的太慢了我都等了八九天才送到。 服务也不好,0
塑料的，很差劲，我家孩子一捏就坏了。,0
虽然东西很便宜，就算坏了咋了的也不至于计较，但是牙签撒了一箱子发给客服就没信了，明明已读却不回复，哪怕跟我说句抱歉我也不会给差评~总之很失望，2018年唯一一个差评送给店家，祝店家生意兴隆??????,0
所有号都是一样大的，实在是郁闷。,0
他们家卖的是尿片，又硬又薄，放水里半天都不湿。给卖家发话都不理人。差劲,0
它,0
太薄,0
太薄    没什么用！吸水效果一般,0
太薄   吸水不怎么好,0
太薄，太小，还不吸水,0
太薄啦，图片严重欺骗消费者,0
太薄了,0
太薄了！  ,0
太薄了，毕竟一分钱一分货,0
太薄了，不好,0
太薄了，不吸水,0
太薄了，跟图片相差太远，,0
太薄了，价钱在那个,0
太薄了，图片看着很厚，跟图片完全不一样，有种上当受骗的感觉，不是很好。,0
太薄了，吸水效果不好，跟图片差距很大,0
太薄了，吸水效果还阔以，颜色还行，就没想象中的好，不开心,0
太薄了，吸水性不是很好，其它都和描述的一样,0
太薄了，也不吸水，不知道什么材质,0
太薄了，有点味道，下水洗难吸水还掉毛,0
太薄了，浴巾尺寸又小，本来打算退的一不注意就自动签收了，运费都要十来块，不划算，将就用了,0
太薄了，只能夏天擦干水和图片看到差距太大，而且物流慢的要死！,0
太薄了，质量一般般，跟图片不一样,0
太薄了。质量也差,0
太薄了吧只适合夏天用,0
太薄了图片真假,0
太差了,0
太差了，不是纯棉的，还不吸水。,0
太差了，都掉毛毛,0
太差了。。。。。,0
太次了，吧，上当了,0
太短,0
太贵了,0
太滑了，用起来不方便,0
太滑了不好洗,0
太假了,0
太垃圾了，什么东西，和抹布一样，确定能用？,0
太垃圾了，一点也不吸水，只能当抹布,0
太烂,0
太少了,0
太希望了，视频上说的那么好，一点都不吸水的，,0
太小,0
太小啦。,0
太小了,0
太小了！,0
太小了，一般,0
太脏了,0
太脏了，跟有人用过一样,0
太窄了,0
态度不是一般的差,0
态度差，客服售后连个回答的都没有，总共没买几样，结果还少发一半东西,0
特别差不介意购买,0
特别垃圾。,0
特别特别小  千万别买  买完一定后悔 超级超级后悔,0
特别小,0
特别硬,0
特大差评，我买了很多小东西，这很多里面有很多坏的残次品，我收到货第一时间拍给客服看，客服就这样鸟??样，补贴一块我缺你那一块啊，你都***的能说出口，我说我不要的坏的我退回去，讲究没什么大问题的我留下，买东西我几乎从来不评价，这是第一次这么???耐心！店家就是这么做生意，买的时候怎么说都好，有问题了就全死翘翘了，这不是人应该做的事吧！只可惜只能放五张图片，我想把所有的都放上去让群众看看，什么该买，什么不该买，就你家这质量，这服务真不敢恭维！严重提醒所有消费者??以后买东西真的需要注意，寄一些残次品不是钱的问题，是压根就么发用，慎拍！,0
听说烂了,0
挺便宜的，这么点钱还能买俩条，不错了，但是，这质量，我是真的不想说了，一股味道，特别难闻，我都不敢用的，洗了好几次了，不太建议买,0
挺好,0
挺好的,0
挺好的 就是漏发了 算了 不计较了,0
挺好的，对我来说正好，也没什么色差，物流还行，就是那个毛巾上的刺绣背面的线头很多，不过不影响啥使用，不错的商品,0
挺好的，就是图案看着有点幼稚，挺吸水的,0
挺好的，物有所值,0
挺好的，吸水效果不错,0
挺好看的,0
挺喜欢的,0
同上,0
同上。差评,0
头次买的挺好，这次买没有上回好，有一点点小失望,0
图案很令人喜欢，但手感太差了，刺激皮肤。,0
图片明明是三个叉子 送的什么鬼的啊,0
图片太能骗人，我想要的是棉的，这个不是，而且还不吸水，失望,0
图片中的扇子一个都没有，给我发两个一样的,0
图物不符,0
土的，东西就那样，买的东西多，坏了烂了质量不好，客服是不会给你任何回答的，只有认栽，买的真的无话可说了，慎重,0
退颜色，蓝色的把米色毛巾染成这样了，客服竟然说只是轻微浮色,0
褪色！买回来丢洗衣机洗一次，毛巾上的图案基本上褪色的七七八八了。，虽说不影响使用，可是看着就是不爽。,0
挖耳勺不规整，会刮的耳朵疼,0
完美,0
完全不能用。我hhh了,0
完全没有第一次买的好，特别薄。不上档次。,0
完全没有粘性，慎拍慎拍慎拍慎拍慎拍慎拍慎拍慎拍慎拍慎拍慎拍慎拍慎拍慎拍慎拍慎拍慎拍慎拍慎拍慎拍慎拍慎拍慎拍慎拍慎拍慎拍慎拍慎拍慎拍慎拍慎拍慎拍慎拍慎拍慎拍慎拍慎拍慎拍慎拍慎拍慎拍慎拍慎拍慎拍慎拍慎拍慎拍慎拍慎拍慎拍慎拍慎拍慎拍慎拍慎拍慎拍慎拍慎拍慎拍慎拍慎拍慎拍慎拍慎拍慎拍慎拍慎拍慎拍慎拍,0
忘记发了两样东西，说好补发结果并没有，向客服催了好几次也都不回我，本来就是没多少钱的东西，态度太差了，拖到系统自动确认，反正补不补发似乎都不重要了。我这还是第一次给人家差评。我只想说呵呵??????,0
为了凑9.9挑了几样，这个价钱没必要差评了，毕竟自个图便宜买的，但是不建议买，因为质量真的不行，尤其牙刷（看起来很脏），梳子（特别小），剪刀（。。），发给我的耳勺咋弯了？,0
唯一的贴片都不是棉的，本来准备给孩子学校用，只好去商场重新买了，真不能贪便宜！,0
未收到货,0
未收到货。醉了,0
味道超级大，物流又慢，心累,0
味道大   掉色严重！！洗了第三遍了！还是掉色严重&hellip;&hellip;建议大家慎重考虑！！不知道那么多好评是怎么来的,0
味道大。质量也差,0
味道很大,0
味道很大，包装还是开着的,0
味道太大了！！！,0
问一下商家如何安装玩耍告诉我详情有 我翻烂都找不到  问他在就是已读不说话 真的很生气 不在乎这几毛的小东西 但是客服就是这种态度吗,0
我,0
我37的鞋垫她家40的鞋垫,0
我不知道，怎么会有这么多好评，估计你们都喜欢这个料吧，像似有弹力的一样，说不出是什么料，我当抹布用了，反正不喜欢,0
我刚刚收到 大家自己看吧 像别人用过的 线头 脏东西都有 我是服了,0
我购买的和发货的根本不一样，太垃圾了，颜色还不一样,0
我见过最垃圾的毛巾   垃圾我是你爸爸,0
我觉得不吸水，一点都不好擦的,0
我买的颜色是蓝色给我都发黄色差评还那么久到,0
我买回来的东西少了，没给我发，跟客服说也没人回我，服务太差了，差评差评,0
我们描述的一样，比实体店便宜。,0
我拿到快递之后，外面的快递袋子是烂的，里面的袋子也是烂的，忘记拍照了，但是这个是什么情况？我都怀疑这个东西是不是新的？,0
我平生第一次差评，从来没有见过这么没良心的商家，发货慢不说，物流慢不说，还赖于充数，拿这些垃圾货来敷衍买家，没有几个是我要买的，全都拿这些没人要的来顶替，说是失误，我呸，就是在找借口，以为买家好欺负就这么欺骗消费者，都不知道你这家店是怎么开的，好评在哪里刷出来的，你们的诚信被狗吃了吗，不就十几块钱吗，我都懒得跟客服聊了，就当丢了钱买了个恶果果的教训，谁在这买谁倒霉，谁**买这么多樟脑丸，真应该塞进卖家的脑子里，给这么多挂钩干嘛，我有买过吗，给夹子我干嘛，要我掐死你吗，各位买家千万别上当，我就是一个例子，我祝你这破店早日关门，别在这丢人现眼！给一个星我也嫌多，**吧差评差评差评差评差评差评差评差评差评差评差评差差评差评差评差评差评差评差评差评差评差评差评差评差评差评差评差评差评差评差评差评差评差评差评差评差评差评差评差评差评差评差评差评差评差评差评差评差评差评差评差评差评差评差评差评差评差评差评差评差评差评差评差评差评差评差评差评差评差评差评差评差评差评差评差评差评差评差评差评差评差评差评差评差评差评差评差评差评差评差评差评差评差评差评差评差评差评差评差评差评差评差评差评差评差评差评差评,0
我去都没有石头大，都拿不住,0
我是我们村第一个在淘宝上买东西的人。他们买东西价格一般不超过五块，听说我双十一买了一大堆东西，全村都震惊了，村长跑到我家对我爸说我疯了！媳妇跟我闹离婚，说这日子没法过了！面对重重压力，我坚持买、买、买！终于快递不断的到了，我怀揣着激动的心情，颤抖的打开一个个包裹，那一霎那，感觉我的眼都要亮瞎了，啊...这颜值、这手感、这质量！只怪我读书少，无法用华丽的语言来形容它。我骄傲的站在村口，霎时，村民们都惊呆了，瞬间时间凝固了，大家眼睛一动不动盯着一个个包裹，如同夜晚的狼的绿眼睛，泛发着可怕的凶光！15秒后，整个村都沸腾了，说太好了，太漂亮了，说太值了，更有人拼命的喊叫，不给他们看，他们就跳井。吓得我赶紧收起宝贝，落荒而逃。为测试宝贝效果，我立刻去我们村高达100米山上村长家试用，村民们一窝蜂追了过去，里三层外三层围了个水泄不通。一看这阵仗，我突发灵感，赶紧拿起一把淘宝仿真机关枪，哒哒哒哒，一阵猛扫，村民们像山里的猴子四处逃窜，漫山遍野躲了起来。在全村人羡慕的目光中，我仰首挺胸，扬长而去。,0
我头一次给差评！主要是反应半天也不解决，你就承认你发错货了，我还能真因为这块八角的事为难你，我给差评主要是售后的态度！,0
我想说 大家不要在他们家买东西 发错货也不给处理 欺骗顾客 给客服聊天 就是不回信息 看见也不回 买了十几双鞋垫  发错货发成牙杯 我想问 牙杯怎么塞鞋里 ******,0
我以为会送的，但是没送，??????，整体还行，毕竟便宜嘛,0
我以为是三条毛巾，结果是一条毛巾，还有一个是浴巾。,0
我只能说，店家太粗心了～～～毛巾的颜色都不一样～～很失望,0
我只能说不要贪图便宜，一分价格一分货，这个价钱的东西买来也只能说浪费钱了！,0
无良商家，漏发少发货了不处理，出现售后永远联系不到人，不要上当受骗了，东西质量差，出现售后无人处理，装看不到，无良卖家，,0
无良商家，漏发少发货了不处理，出现售后永远联系不到人，不要上当受骗了，东西质量差，出现售后无人处理，装看不到，无良卖家，差评,0
无良商家还强词夺理，一双鞋垫都要偷*耍滑，23厘米却只有21厘米，还讽刺我不要和几百块钱的比，这种次品也是我这么多年淘宝见的最无耻的了！简直佩服店家的嘴脸，厚颜无耻！建议大家擦亮眼睛，购物谨慎，买了两样，都是次品，东西就不退了，不差钱，直接扔垃圾桶,0
无论多大尺码 大小都一样,0
无语,0
无语，与众不同,0
无语了！我都没见过你像你家的弹力球！,0
物流不负责任，东西被别人拿走,0
物流不给力烦人就算了  放洗衣机里洗一次  它就换了个皮肤 厉害了,0
物流超级慢,0
物流超级慢超级慢,0
物流超慢，货17号已到，一直未送，多次联系客服才送来。,0
物流非常慢，非常差，百世快递,0
物流慢,0
物流慢   别的都很好,0
物流慢，质量一般有点掉毛,0
物流慢太慢,0
物流实在恶心，等了一个礼拜，还快递异常,0
物流是真的慢,0
物流速度真的太慢了，等了一个周.....,0
物流太漫了,0
物流太慢,0
物流太慢，质量一般,0
物流太慢了,0
物流太慢了，4天才送过来,0
物流太慢了，其他都还好,0
物流太慢了，质量还行吧,0
物流有点慢,0
物流有问题，中间一度没有物流信息，货到之后还是脏的，果断差评。,0
物流真的不敢恭维！不催就不动！,0
物流真的太慢了,0
西瓜红牙线变成了西瓜红签字笔，找了客服只说让退款，但是牙线也是急用的，还说让我重新拍，呵呵了就,0
吸水不e，但是布料襁^水後干了，有一臭味，很y，不I好^,0
吸水不好,0
吸水还行 用了过后会臭是真的 用一次洗一次都会臭 能接受味道的还是可以购买,0
吸水很强 就是味道不好闻,0
吸水效果不是很理想,0
吸水效果很不好，真不知道好评哪里来的,0
吸水效果很差，老公用了说没有以前买的那条好用，不过一分价钱一分货，,0
吸水效果一般,0
吸水性不够好,0
吸水性不强，图案很可爱。,0
吸水性一般！,0
吸水性一般～价格还算公道。,0
吸水一般,0
洗的时候掉色,0
洗个澡浴巾不吸水,0
洗过一次，就感觉没有那么柔软了,0
洗了好几遍都洗完澡不掉,0
洗了一次变黑了,0
洗脸不太好用,0
洗脸没有一点用     跟五块钱一天的抹布差不多   失望,0
洗完有一点点硬,0
喜欢,0
喜欢 吸水性特别强,0
系统默认评论,0
线头好多,0
想买的还是别买了，太差了,0
像绒布,0
小,0
小，超级小，比你想象的小太多,0
小不怎么样,0
小得可怜??,0
小的不能洗脸，因为是胱的，好失败,0
小而且少,0
小非常小,0
小鸡还可以，挺有意思的，不过我那些有问题的商品卖家不处理，只能是个差评，谁叫卖家不回话了，我也没办法,0
小哭我了,0
小扇子随机发的颜色跟照片上的颜色不一样，不好看，不好看，发贴儿也是随机的我们虽然没有指定但是就是黑色的，还有尖尾梳我也都是一种颜色，只怪我自己没有指定，其他的还不错，,0
效果不好，一分价钱一分货，不理想,0
鞋垫不好,0
鞋垫码号一点都不标准,0
鞋垫挺好的，就是为啥我拍的37和35码的居然是一样大的？,0
鞋垫真的太垃圾了，外面写着36码，居然短的跟35一样，我还买了那么多，坑人,0
鞋垫质量较差，鞋垫稀薄，新鞋垫甚至还有烂的，应该不能水洗，一洗就会掉毛；只能说是一次性的！,0
鞋码不准    总得来说   他家东西不怎么样  结果态度还极其恶劣    东西坏了自己不承认错误   给他留言  他还要我自己解决    要么干脆就不回复你留言    最后我找淘宝维权才把钱退回来,0
鞋码不准   总得来说   他家东西不怎么样  结果态度还极其恶劣    东西坏了自己不承认错误   给他留言  他还要我自己解决    要么干脆就不回复你留言    最后我找淘宝维权才把钱退回来,0
鞋码超级不标准,0
新的浴巾几处都有污渍，毛巾也有，而且根本就不是全棉的,0
新拿来的帕子居然是脏的就算了，还有其他颜色在上面,0
信任呢,0
选择快递公司未收到货,0
严重差评，这么差的商家，买了几样东西，唯独这个给我漏发了，眼睛瞎了吧，发货都不会发,0
颜色都错了,0
颜色发错了，质量一般不是我想要的纯棉面料,0
颜色喜欢，就是做工不太精致。,0
颜色与照片有一点差距，不过可以接受,0
样式非常喜欢 就是不像家里用的那种毛巾,0
样子很清新，但是不知道为啥一拿开都是白球，还没用，希望不会太令人失望,0
要是真的来掏耳朵不知道会不会流血,0
也不柔软，不像图片，要以实物为准,0
也太薄了质量也不太好,0
一般,0
一般 感觉有点差,0
一般！,0
一般，不算很好。,0
一般，不怎么吸水。,0
一般，就是太薄了,0
一般，码偏小，,0
一般，毛巾薄,0
一般，毛巾不适合洗脸,0
一般，一般，一般,0
一般，有点薄,0
一般，有点味儿,0
一般。,0
一般吧,0
一般吧，都是毛毛，都是毛毛都是毛毛都是毛毛都是毛毛都是毛毛都是毛毛都是毛毛都是毛毛都是毛毛都是毛毛都是毛毛都是毛毛都是毛毛都是毛毛都是毛毛都是毛毛都是毛毛,0
一般吧，还不错，,0
一般吧，一分钱一分货,0
一般吧，这价钱一分钱一分货，凑合用吧，退又麻烦,0
一般吧。有点薄,0
一般吧～,0
一般吧一分钱一分货,0
一般般,0
一般般   不知道是不是掉色   居然水变黑了点点,0
一般般，,0
一般般，不含棉，洗手洗脸都不好用，不吸水,0
一般般，不是纯棉,0
一般般，不是棉的  ,0
一般般，不吸水但不掉毛......................................................................................................................................................................................................................................................................................................................................................................,0
一般般，价格便宜，所以不怎么样,0
一般般，就那样也不是很好，发过来还脏脏的????,0
一般般，说是纯棉的，收到打开一看是锦纶的，这价钱就这样吧，卖家应实话实说,0
一般般，做工粗糙,0
一般般[cp]最近的反省：和家人或爱人吵架的时候，伤人的话真的还是不要说。为了让对方生气、为了占上风、为了刺激对方而讲的那些难听的话，对方会一直记得的。你也会后悔的。每一句狠话都可能成为积怨，以最差劲的方式侵蚀着你们的关系。 ?[/cp]妻子不是丈夫的所有物，孩子不是父母的所有物，弱势者不是强势者的所有物。看见不同，容纳多元，彼此尊重，承认每一个人的自由意志&mdash;&mdash;我不知道这些目标离我们还有多远，但总觉得越来越远。 ?[cp]最近的反省：和家人或爱人吵架的时候，伤人的话真的还是不要说。为了让对方生气、为了占上风、为了刺激对方而讲的那些难听的话，对方会一直记得的。你也会后悔的。每一句狠话都可能成为积怨，以最差劲的方式侵蚀着你们的关系。 ?[/cp]妻子不是丈夫的所有物，孩子不是父母的所有物，弱势者不是强势者的所有物。看见不同，容纳多元，彼此尊重，承认每一个人的自由意志&mdash;&mdash;我不知道这些目标离我们还有多远，但总觉得越来越远。 ?,0
一般般吧,0
一般般吧！质量不怎么满意，没有想象中那么好，而且有点掉毛毛,0
一般般吧，还可以,0
一般般吧，面巾洗脸滑滑的，不是很好用，但质量还是很不错,0
一般般比较滑??,0
一般般不是很好用,0
一般般啦,0
一般不好不差,0
一般咯,0
一扯就破？？,0
一次不好的购物体验，很垃圾的服务,0
一次不愉快的经历,0
一次不忠百次不用,0
一次都没用过的，不仅赃还有缺口。这不是骗人吗,0
一打开就给了我一个意外的&ldquo;惊喜&rdquo;,0
一打开毛飞的到处都是，很薄，但是这个价位可以了,0
一点不香,0
一点不粘啊，,0
一点都不好，,0
一点都不好，不吸水，还掉毛,0
一点都不好，非常不满意,0
一点都不好，用了一次就起霉了，都洗不掉哼,0
一点都不好用，,0
一点都不好用，什么鬼,0
一点都不软，感觉不像是用来擦身体的，当抹布差不多吧，以后不会在卖了,0
一点都不吸水，买回来都没用,0
一点都不吸水，你们家好评都是刷出来的吧,0
一点也不好，毛不是很长，主要是还掉毛,0
一点也不粘,0
一定得差评??????客服就是垃圾，有问题不解决，一号收到货给客服说了少发了，客服让拍收货照片，我给他拍了，只看了一张以后不理人了，给他发照片和问题都没反应，一号到七号客服都没有回应，也不看我发的问题，东西不值几个钱，只是客服不解决太窝心了,0
一分价格一份货吧 不咋地他拼接的面料很廉价,0
一分价钱，一分货，不是棉的，有静电,0
一分价钱一分货,0
一分价钱一分货，这货不是一般差,0
一分钱一分货,0
一分钱一分货，根本就没有图片上的这么厚，特别的薄，不过还算吸水，凑合用吧。,0
一分钱一分货，这毛巾也太滑了，根本没法洗脸,0
一分钱一分货，只能说比现在的版擦碗布好点！懒的退，从来也没退过货！,0
一分钱一分货，质量非常非常一般。,0
一分钱一分货，质量很很一般。,0
一分钱一分货，质量很很一般。方块上的颜色居然是两面胶贴的，呵呵了。,0
一分钱一分货，做工太粗糙,0
一分钱一分货吧，还好没买多  只是少买点试试  以后不会再来了,0
一份价钱一分货,0
一个海绵？[cp]最近的反省：和家人或爱人吵架的时候，伤人的话真的还是不要说。为了让对方生气、为了占上风、为了刺激对方而讲的那些难听的话，对方会一直记得的。你也会后悔的。每一句狠话都可能成为积怨，以最差劲的方式侵蚀着你们的关系。 ?[/cp]妻子不是丈夫的所有物，孩子不是父母的所有物，弱势者不是强势者的所有物。看见不同，容纳多元，彼此尊重，承认每一个人的自由意志&mdash;&mdash;我不知道这些目标离我们还有多远，但总觉得越来越远。 ?[cp]最近的反省：和家人或爱人吵架的时候，伤人的话真的还是不要说。为了让对方生气、为了占上风、为了刺激对方而讲的那些难听的话，对方会一直记得的。你也会后悔的。每一句狠话都可能成为积怨，以最差劲的方式侵蚀着你们的关系。 ?[/cp]妻子不是丈夫的所有物，孩子不是父母的所有物，弱势者不是强势者的所有物。看见不同，容纳多元，彼此尊重，承认每一个人的自由意志&mdash;&mdash;我不知道这些目标离我们还有多远，但总觉得越来越远。 ?,0
一个字，值,0
一共两条，一条浴巾一条毛巾，有点掉毛,0
一股味道,0
一买回来就很多毛毛在飞，洗完毛巾缩水了还掉毛很严重沾衣服。一点都不好,0
一摸上去滑溜溜的，剪下来一点一烧冒黑烟，然后就是一黑疙瘩（见图），根本就不是纯棉制品，差评！,0
一条痕，洗不掉的那种,0
一只没有索边,0
一直漏水！,0
一直在催快递，及时送到了，东西很满意,0
一直在这里买东西，买了三次了，这次想让我刷单，我想着整些玩吧，我的天，自己没说清楚，就态度差的要死，你不会把话说清楚吗，想让别人给你刷单，自己不会有个好的态度吗，***吧，还骂我，真是态度好的很啊，,0
宜,0
已经用过了，爸爸说的不好,0
以前9.9买过一次，这次买的和上次面料一样，可能是涨价了，但浴巾对不齐，还有污渍，感觉像残次品。,0
以前你家是作抹布的吗,0
以为很厚呢，现实收到很薄,0
因物流太久，影原定使用的安排,0
印刷图案，质量看图,0
用不了，很无语,0
用几天就掉颜色 开线头 起毛毛了估计再用几天毛巾就变成毛线了,0
用来洗澡，洗脸不太合适，因为放在身上不会动，适合吸水,0
用了  并没有描述的那么神奇  不好用  个人建议不要买这样的,0
用了几次 掉毛 而且好薄 一点也不好用,0
用了几天就不怎么吸水了，垃圾,0
用起来不怎么实用,0
用着还行,0
用着还算不错,0
用着有点难用,0
由於被改Q海\]通知I家，I家等太久才收到~很生狻,0
邮错东西，客服不搭理人,0
有的就不能吹，透风,0
有点薄,0
有点薄   质量一般   不是想象中的棉质感,0
有点薄  还好吧,0
有点薄。,0
有点薄。。。。后悔了,0
有点薄有点小,0
有点不满意,0
有点不习惯,0
有点掉毛,0
有点掉毛！,0
有点掉球球,0
有点短,0
有点儿堆毛,0
有点泛黄,0
有点刮,0
有点忽悠,0
有点垃圾此卖家交流，自觉七经八脉为之一畅，我在淘宝买了这么多年，所谓看过&amp;quot;女干&amp;quot;商无数，但与卖家您交流，我只想说，老板你实在是太好了。 你的高尚情操太让人感动了。本人对此卖家之仰慕如滔滔江水连绵不绝，海枯石烂，天崩地裂，永不变心。交易成功后，我的心情竟是久久不能平静。自古英雄出少年，卖家年纪轻轻，就有经天纬地之才，定国安邦之智，而今，天佑我大中华，沧海桑田5000年，神州平地一声雷，飞沙走石，大雾迷天，朦胧中，只见顶天立地一金甲天神立于天地间，花见花开，人见人爱，这人英雄手持双斧，二目如电，一斧下去，混沌初开，二斧下去，女娲造人，三斧下去，小生倾倒。得此大英雄，实乃国之幸也，民之福，人之初也，怎不叫人喜极而泣,0
有点起毛,0
有点色差，特别是有味道，,0
有点失望质量，物流好快,0
有点太软了,0
有点味,0
有点味  还掉毛  这个价钱也可以了吧,0
有点无语,0
有点小,0
有点小失望,0
有点小失望，没图片那么好看，不过也还是可以的,0
有点脏,0
有点脏，有点起球，料子不是很好，,0
有个洞,0
有个坏了，失望,0
有股胶皮味,0
有很大的气味，而且有地方脏了,0
有很多线头买了二件一件有一件没有，客服回答我说正常现象不影响质量剪掉就好了，呵呵,0
有几根生锈了.......,0
有两点不足，一是键盘泥太黏，易碎，根本不能用于清洁。二是磨脚石，到货是已经断了。,0
有漏发的,0
有毛毛擦完身上过敏不过洗了一下就好多了,0
有球球,0
有色差,0
有色差，质量不好，跟图片有明显的差别。,0
有特别大的味 质量也不怎么样,0
有味 不吸水,0
有味道,0
有味道！所谓浴巾很窄！,0
有味道很刺鼻,0
有污渍 还洗不掉,0
有瑕疵,0
有瑕疵，黑色的这些是什么也不知道，然后还掉渣,0
有一处坏的，东西其实还可以，虽然这处不影响使用，但是我心情不好&hellip;&hellip;,0
有一点臭,0
有一股味道,0
有一块黑，总体还行吧,0
有异味,0
有异味，还没有标签,0
有异味，霉点。,0
有脏东西，里面是黑的，超级差评,0
又烂又脏，退货又不给退，还说给我补偿两块钱？我要你这两块钱干什么搞笑，现在直接不理了死猪不怕开水烫一样。真不明白都这么多差评了淘宝也不封了他淘宝是干什么吃的,0
又脏又掉毛h,0
与描述不符，没法用。,0
与图片不符，退回去邮费又贵，总之一分钱一分货，不要贪便宜,0
与原图没有多大的差距,0
浴巾不错，小毛巾洗脸不合适，滑的,0
浴巾不一样大，找客服只说补2元钱给我,0
浴巾擦完有点黏,0
浴巾参差不齐,0
浴巾还行,0
浴巾还行，毛巾不好洗,0
浴巾还行，毛巾就跟布一样，不是柔软的那种，这种价格还行啦,0
浴巾很好看，没有色差，图案也很可爱，也挺厚实的，不是很薄。唯独针线不大好，线头很多，浴巾也很多小灰尘。,0
浴巾很舒服,0
浴巾可以，毛巾抽丝好多,0
浴巾上面有很多小黑点，以为能洗掉，洗不掉。现在也不能退货。,0
浴巾上一个不知死了多久的死虫子，一个活虫子，真的是无语,0
浴巾上有块污迹，美中不足,0
浴巾太小，包住屁股包不住上面，包上面包不住下面,0
浴巾太小。,0
浴巾挺大的，毛巾有点小。,0
浴巾挺好用的  就是毛巾有点掉毛   其他还好,0
浴巾线都开完了,0
浴巾线头掉了，还要用针自己缝一下,0
浴巾象个什么东西呢，不好讲，太差劲了，不好用的,0
浴巾小了，面巾还好，一般,0
浴巾一般，不是棉的，不建议买,0
浴巾有点小，质量一般,0
浴巾有瑕疵,0
运单显示金额为20元，店家收我30元。,0
在掉毛   一分钱一分货&hellip;&hellip;,0
在他家买了四十多块钱的东西，结果买的两种樟脑丸各自漏发一件，客服处理的也并不是很满意，差评,0
在他们家买过很多东西，大多数都是为了一样东西然后凑单其他东西包邮一起发过来。东西的质量都还行，一分价钱一分货，烦的是经常漏发东西，之前几次漏发都退款了，这次买了浴帽和其他东西，收到以后其他东西都在就浴帽没有，我就申请了浴帽退款，过了三四天左右卖家才处理找我要图片，没有图片不给退。我想想算了，就两块钱的事也懒得讲话，不愿意退就不退吧。就冲这种做生意的态度，漏发东西还强词夺理然后各种已读不回。就让人觉得很无语。这个评价是告诉大家。如果你不介意卖家漏发你的东西还不给退款的话，可以尝试下单。,0
在淘宝上 买东西那么多年，第一次遇到，小东西还不错,0
在这家店买过一次，但是没有上回买的质量好，,0
暂时还没用，感觉还可以,0
贼**差,0
贼**辣鸡,0
怎么会掉绒呢 一拆开,0
怎么说那也就一般吧到货后拿出来看了一下然后就掉了一身毛,0
沾的什么东西??质量还是好的，软软的，就是那两个地方脏??,0
沾了水直接贴在了脸上根本无法使用，只能当{布用,0
粘不住,0
照片看起碣|感很好，收到品看到那(好像和巾) 、以及N上的一硬晃水的布，|感大打折扣！那K不吸水的布也很K事吧！竟@是每天都要碰水的浴巾跟毛巾啊~以槭琴I到了CP值很高的毛巾浴巾，回^才看到那N多ur不是很好的u，I得太匆忙了！]x仔.....,0
照骗,0
这包装袋里竟然有好多蚂蚁小虫子爬在毛巾上！我真是服了！这毛巾洗脸在脸上更本擦不动！我一般真的不给差评！,0
这不是洗衣球，像石头一样硬，差评,0
这次的感觉没有上次买的质量好 毛巾上面有很多小球球 也有很多线头,0
这东西不知道放在仓库里多少年了，好久。差评！,0
这个不好，屁股那里都要漏了,0
这个不怎么好用哦,0
这个店家太搞笑了吧，我2个链接买的是同一个东西，问他怎么回事，就说我未成年，说话之前考虑考虑别人的感受，我说我这样说你你高兴吗，他说我高兴，气人不，想下单的亲看好了啊，别像我一样，买了东西还要受气，一大早的我招谁惹谁了我，气愤,0
这个东西到的时候是冻上的，然后过一会才快递拿出来弄我一身,0
这个粉扑就剩下一个架子！！,0
这个还好一点点,0
这个价格买这种还是行的,0
这个价钱还行吧,0
这个价钱买到这样的很不错，很喜欢，就是物流太慢太慢了，急的要死，不过到了质量还行，,0
这个价钱也是这种规格,0
这个价位了，差不多的都可以了，但是也不用这样吧东西回坏了，也潮了，没法用了，便宜也不是买堆破烂吧！！！！,0
这个价位了，差不多的都可以了，但是也不用这样吧东西回坏了，也潮了，这个两边都湿了，便宜也不是买堆破烂吧！！！！,0
这个就是个坑，买两个都是坏的，一个开关断了，一个开关好的，打开没电，只有一丁点光在闪，还没一分钟不亮了。都丢了,0
这个毛巾广告打的是全绵的，其实就是化纤的，不吸水水！,0
这个毛巾已经收到，可是使用起来太差了。放在脸盆水里用毛巾洗脸，毛巾会从手里滑出去的，没有办法洗脸。已经使用过了也没有办法使用了，可是我不明白的是竟然有这么多好评，我也搞不清楚现在的人是不是脑子坏了，居然睁着眼睛说瞎话。还是这么多好评是商家靠刷信誉得来的。我使用之后的效果我真是无语。竟然有这么多瞎子在说瞎话。真是服了你们了。我是实话实说。差评,0
这个毛巾质量还可以，就是有好多球球，用胶带粘了半天,0
这个没发,0
这个没发货！,0
这个青蛙根本就跳不了,0
这个是第一次的订单。后来又买了一次，里面有眼罩，不给发货！！！！忘了发货麻烦你们补发。,0
这个是脑袋那里超级薄，要漏了,0
这个是真的一般,0
这个洗脸巾根本就不是棉的，是滑的，不好用,0
这个一点也不好，贴都不到一会就掉了,0
这个用不了,0
这个浴巾一点都不吸水，不好，浪费钱了,0
这个质量很差,0
这个质量真差,0
这货也能说是全棉。当我无知吗？。这好评都是刷出来的吧。当地毯用了,0
这家**可真会骗人，看货样图片，一个比字没看到，误认为纯棉的！买回来却是青伦丝的！上档！还不退货！一次没用扔掉！千万看清楚！,0
这家店太，坑，了！买的东西很多都缺货，事先都说能拍的都有，但收到货之后发现少了很多，卖家联系，却一直没有回复，过了好久好久，一直催她问她，她才和我说可以退货，买家承担运费。我就搞不懂啊，少了东西，让他补他不补，我只好退货退款。却这么强硬态度还要买家承担运费，真恶心！,0
这家态度差，,0
这家态度太差，鞋垫码子不正，不要在他家买，吃亏了还是自己，,0
这绝对是我这么多年淘宝买东西最生气的一次，10几块钱的东西虽说钱不多，但是一个省内快递居然等了十几天时间。联系客服也是不理人，看了消息不回复，申请退款居然被取消了，只有自己等到快递送到，也是觉得很厉害了。绝对不会有下一次购买,0
这毛巾都是用过的，特别脏不说，线还抽丝，毛巾抽丝的地方就是被东西挂了的，,0
这毛巾根本不能洗脸，和檫车用的布是一个料的,0
这毛巾根本不能洗脸，我买来当垃圾,0
这毛巾一点不好用，味道超级大，而且还掉毛。好后悔买，劝大家不要买。。买了必定后悔,0
这毛巾在这里买也是第二次了，竟然是次品，联系客服还跟我说不是质量问题，又不是线头让我用剪刀剪去说就可以了，真心觉得服务态度有问题,0
这毛巾真的好难用，味道超级大。用了就好了还一股味道，掉毛也厉害，好后悔买，，劝大家不要买,0
这么便宜的东西，竟然给我弄假，一半新的，一半旧的，旧的看起来都发黑了，旧的毛都没有多少平的一下，不管我花钱多少，也是我花了钱买的，不是你送的，今天拆开看了心都凉了，10几块钱的东西，用的着这样吗？无良商家，一样的码数，自己看看吧，一半新的，一半就像几年前的样旧，这样做生意的人，注定发不了财！,0
这如果说好，那我也无话可说,0
这什么浴巾呀  一打开掉了一层毛  上面还黑糊糊的  洗澡用浴巾擦得我身上还痒出现了红疹子大家千万别买  别上当了  差评 差评  差评  我从来没有买过这样的东西  真是便宜没好货,0
这是什么呀。这样的毛巾谁敢用。一道道黑印。,0
这是我用过质量最差的浴巾,0
这样的东西叫我拿去当备用不恶心吗？垃圾？？！店家态度，呵呵了说了几句就不回复了什么意思？你的错还不理消费者？！真是优秀,0
这样的浴巾发给谁谁会乐意  这么长的线头。,0
这一批货有支502胶水干硬了不能用是废品，反映客服说要拍照片看，发照片后又说要查一下，然后几天过去问了几次从此都不回话了！本来你说声道歉的话我就算了，不值几个钱，但你们的态度真不能原谅！必须差评！！！,0
这质量不是很好，和地摊上买的一样,0
这种质地摸起来很舒服，但擦身子不太好,0
针没包好，漏光了。,0
真的不好用！！！谁买谁知道！！！洗脸都不好洗！！太滑了！！不好洗！！！看是蛮好看的！！,0
真的不怎么滴，好多地方是硬的，不是软的，,0
真的差,0
真的差寄回来都是坏的其他的不是少发就是发错不然就是坏的然后客服直接不理,0
真的是一分价钱一分货，还可以吧,0
真的是一分钱一分货啊&hellip;&hellip;,0
真的是因为质量不好才差评，就是那种很差的质感，不是很大，很失望,0
真的只能说一般，退又不划算,0
真心不想说什么，自己看吧。,0
整体还可以，就是有个小洞。,0
之前看差评就有很多小伙伴说漏发 不发的？我以为我的不会&hellip;&hellip;果然 我也漏了两个,0
之前买了三条都很好，这次买了一条都是黑黑，卖家还不怎么爱理人,0
只能说质量一般吧，太薄了，看看吸水效果吧，看着感觉有点脏，上面好多毛球球,0
只能用呵呵来形容我的心情,0
只想说一块两块的东西难维权，售后真是无语，漏发，商品破损，18号收到与商家沟通，上一秒聊的好好的，一见是商品需要售后就没人搭理，总是智能的回复&ldquo;吃饭去了&rdquo;，真是心累！ 通过淘宝维权退款，商家也是能憋，硬是到最后几小时才开口回复，都把别人当傻子。钱是小钱，只想收到买了的有质量保证的商品，信誉真的是令人堪忧！,0
直接差评，哨子都不响，一吹就漏气，,0
值不起这个价格，洗脸巾就像家里一块钱一张的洗车帕,0
指甲差不多大,0
质量。。。。我很无语,0
质量emmmm,0
质量比较一般,0
质量比我想象的差很多，毛巾超级薄，和超市里的差太多了。少女心满满。这是一个好评模板，不要看了下面都是废话。因为本仙女很懒不想每个宝贝都写好评所以才模仿网友的好评模板，但是这个宝贝不管是质量还是款式都是本仙女喜欢的如果不喜欢本仙女收到会很生气然后这个模板就会变成各种喋喋不体的吐槽，自然不会撒下这个好评给各位淘友一个参考。本宝贝还是极好的，来自一位懒省事的只爱购物不爱写评论只想换积分的仙女。,0
质量不不好服务态度也不好那些好评应该都是刷出来的吧一次失败的购物,0
质量不错    价格也还满意,0
质量不错，,0
质量不错，不吸水，掉毛严重,0
质量不够好,0
质量不行，不是棉的，看着评价说是棉的，其实不是，不过价格在那里，,0
质量不行啊,0
质量不好,0
"质量不好,,?^?,,",0
质量不好，不是棉的,0
质量不好，还是脏的，恶心,0
质量不好，建议不要买，,0
质量不好，能用,0
质量不好，一看都气球了，像用过的，而且有2处脏，洗都没洗掉,0
质量不好，浴巾不是我想像中的那样,0
质量不好。,0
质量不好布料很差,0
质量不好一点不吸水,0
质量不是很好,0
质量不是很好 用了一次就有点掉毛,0
质量不是很好，,0
质量不是很理想。,0
质量不太好,0
质量不咋的，进洗衣机一洗就掉线了,0
质量不咋地,0
质量不怎么样，一分钱，一分货！,0
质量差,0
质量差 第一次给差评！,0
质量差，有运费险我就退了，很薄很薄,0
质量差不好,0
质量差的很,0
质量差的很，不吸水，不是充棉的，合成的。,0
质量差的很，这个转都转不动,0
质量超级差,0
质量都特别差 退了还不够运费钱 都不送运费险 这家的意思你们懂了吗 不会在来买东西的,0
质量非常不好，沾脸，根本擦不了水，要求退货还不容许说质量不好，真是无语了，难道顾客连说质量好坏的权利也没有了吗？哪好，不说就不说，送个差评给你，这总可以吧，,0
质量非常一般了,0
质量根本不是纯棉,0
质量还不错。只是没有预期的那么厚，不过朋友都说还可以。,0
质量还行，就是布料脏了,0
质量还行，就是货物不干净，好大的两块脏东西，我用水泡了半天都洗不下来??,0
质量还好,0
质量还可以，挺柔的。,0
质量还是不错的，就是用起来没什么摩擦性，浴巾可以，毛巾沾水用起来有点怪,0
质量好差 ,0
质量和照片差距明显！,0
质量很差,0
质量很差，谨慎购买,0
质量很差，上面写的送毛巾也没送，,0
质量很一般,0
质量就那样吧，浴巾挺大的,0
质量看起还不错，用起不怎么好，不贴身,0
质量没我想象中的好。,0
质量没有以前的好，所以给一个一般,0
质量啥的都挺好，卖家服务挺好，物流挺快，就是这个颜色要浅很多。,0
质量太差,0
质量太差，都让我插地板了,0
质量太差，怪自己贪便宜,0
质量太差，建议不要购买！,0
质量太差，这家店就是**。知道自己家产品有瑕疵是坏的弄个自动回复机器人直接退两元做补偿。客服还不回消息。显示消息已读愣是不回你。完美的差评。,0
质量太差。两条毛巾颜色都不一样,0
质量太差劲了！,0
质量太差了，而且服务态度还不好，出现了质量问题也不好好解决,0
质量太差了，请大家不要当!,0
质量太差了，我真的不想说什么 对付用吧,0
质量太差了，指甲刀根本不能用，亲们，看着卖吧,0
质量太差容易割到手,0
质量太差中间还没线,0
质量太一般了,0
质量挺好，颜色也喜欢，物流也快&hellip;&hellip;,0
质量一般,0
质量一般，不是棉的，就这样吧,0
质量一般，还掉毛，用着都不舒服，c个手 一手都是掉的毛,0
质量一般。,0
质量一般。不是很吸水。,0
质量一般吧,0
质量一般吧，毕竟很便宜。,0
质量一般般,0
质量一般般，便宜的就这样的,0
质量一般般，但是还是可以用,0
质量一般般，对的起这个价格，如果你追求质量，请慎重,0
质量一般般，太脆弱了，很容易烂,0
质量一般般。。真心不吸水好吗。。,0
质量一般成色一般对不起这个价,0
质量有点让人失望??,0
质量着实差，还很薄,0
质量真的不好 一分价钱一分货吧,0
质量真的很不好，真的像残次品！,0
质量真的很差的，就感觉自己买了一堆破铜烂铁回来。而且还少发货，两个最贵的东西少发给我，说去核实，确悄咪咪的逃避责任，视而不见，差评，大大的差评！,0
|料同色都不e，可惜物流rg太L了,0
中看不中用，质量还行,0
中评吧，小的面巾还好，大的质量一般，没惊喜也没失望，祝商家越做越好,0
中评给这包装，能再简陋点？,0
转了一下就散了,0
自己看吧，不知道说什么&hellip;&hellip;,0
自己体会，物流慢，还那么大,0
总的来说，还不错，不过气味有点大，不好闻。颜色与图片描述的不相符合。物流很快。,0
总体还行，就是为什么一回来就脏了？,0
做工差,0
做工太垃圾,0
做抹布,0
做生意太不诚实了！我拍了15双就给我发13双！我没有拍37码，居然给我发了一双37码的！真是无语  虽然东西不值钱，做人要讲个诚信，人要是没有了诚信，做啥生意都不行 这个人没有什么大的出息&hellip;&hellip;,0
